mode,fuel,vintage,net capacity,new capacity,retired cap,scenario
HD Truck,Battery electric,2040,0.0,0.0,-0.0,vanilla4_cftnorm
HD Truck,Battery electric,2045,0.0,0.0,-0.0,vanilla4_cftnorm
HD Truck,Battery electric,2050,4600.0,4600.0,-0.0,vanilla4_cftnorm
HD Truck,Diesel,2025,124820.0,0.0,-9730.0,vanilla4_cftnorm
HD Truck,Diesel,2030,98060.0,0.0,-26760.0,vanilla4_cftnorm
HD Truck,Diesel,2035,62400.0,0.0,-35660.0,vanilla4_cftnorm
HD Truck,Diesel,2040,0.0,0.0,-62400.0,vanilla4_cftnorm
HD Truck,Diesel,2045,0.0,0.0,-0.0,vanilla4_cftnorm
HD Truck,Diesel,2050,0.0,0.0,-0.0,vanilla4_cftnorm
HD Truck,Fuel-cell electric,2025,0.0,0.0,-0.0,vanilla4_cftnorm
HD Truck,Fuel-cell electric,2030,24840.0,24840.0,-0.0,vanilla4_cftnorm
HD Truck,Fuel-cell electric,2035,66570.0,41730.0,-0.0,vanilla4_cftnorm
HD Truck,Fuel-cell electric,2040,137960.0,71390.0,-0.0,vanilla4_cftnorm
HD Truck,Fuel-cell electric,2045,168060.0,30110.0,-0.0,vanilla4_cftnorm
HD Truck,Fuel-cell electric,2050,182030.0,38800.0,-24840.0,vanilla4_cftnorm
HD Truck,Hybrid,2025,28510.0,12530.0,-0.0,vanilla4_cftnorm
HD Truck,Hybrid,2030,36710.0,8200.0,-0.0,vanilla4_cftnorm
HD Truck,Hybrid,2035,47270.0,10560.0,-0.0,vanilla4_cftnorm
HD Truck,Hybrid,2040,39570.0,8280.0,-15980.0,vanilla4_cftnorm
HD Truck,Hybrid,2045,27040.0,0.0,-12530.0,vanilla4_cftnorm
HD Truck,Hybrid,2050,23650.0,4810.0,-8200.0,vanilla4_cftnorm
LD Car,BEV (150-mile AER),2025,2480580.0,1982590.0,-0.0,vanilla4_cftnorm
LD Car,BEV (150-mile AER),2030,3969710.0,1492770.0,-3640.0,vanilla4_cftnorm
LD Car,BEV (150-mile AER),2035,6157340.0,2681980.0,-494350.0,vanilla4_cftnorm
LD Car,BEV (150-mile AER),2040,6474390.0,2299640.0,-1982590.0,vanilla4_cftnorm
LD Car,BEV (150-mile AER),2045,7121140.0,2139520.0,-1492770.0,vanilla4_cftnorm
LD Car,BEV (150-mile AER),2050,7510830.0,3071660.0,-2681980.0,vanilla4_cftnorm
LD Car,BEV (200-mile AER),2025,30.0,10.0,-0.0,vanilla4_cftnorm
LD Car,BEV (200-mile AER),2030,50.0,20.0,-0.0,vanilla4_cftnorm
LD Car,BEV (200-mile AER),2035,50.0,20.0,-10.0,vanilla4_cftnorm
LD Car,BEV (200-mile AER),2040,70.0,30.0,-10.0,vanilla4_cftnorm
LD Car,BEV (200-mile AER),2045,80.0,30.0,-20.0,vanilla4_cftnorm
LD Car,BEV (200-mile AER),2050,100.0,40.0,-20.0,vanilla4_cftnorm
LD Car,BEV (300-mile AER),2025,10.0,0.0,-0.0,vanilla4_cftnorm
LD Car,BEV (300-mile AER),2030,10.0,10.0,-0.0,vanilla4_cftnorm
LD Car,BEV (300-mile AER),2035,20.0,10.0,-0.0,vanilla4_cftnorm
LD Car,BEV (300-mile AER),2040,20.0,10.0,-0.0,vanilla4_cftnorm
LD Car,BEV (300-mile AER),2045,30.0,10.0,-10.0,vanilla4_cftnorm
LD Car,BEV (300-mile AER),2050,40.0,10.0,-10.0,vanilla4_cftnorm
LD Car,BEV (400-mile AER),2025,0.0,0.0,-0.0,vanilla4_cftnorm
LD Car,BEV (400-mile AER),2030,10.0,0.0,-0.0,vanilla4_cftnorm
LD Car,BEV (400-mile AER),2035,10.0,0.0,-0.0,vanilla4_cftnorm
LD Car,BEV (400-mile AER),2040,10.0,0.0,-0.0,vanilla4_cftnorm
LD Car,BEV (400-mile AER),2045,20.0,10.0,-0.0,vanilla4_cftnorm
LD Car,BEV (400-mile AER),2050,20.0,10.0,-0.0,vanilla4_cftnorm
LD Car,Compressed NG,2025,0.0,0.0,-0.0,vanilla4_cftnorm
LD Car,Compressed NG,2030,0.0,0.0,-0.0,vanilla4_cftnorm
LD Car,Compressed NG,2035,0.0,0.0,-0.0,vanilla4_cftnorm
LD Car,Compressed NG,2040,0.0,0.0,-0.0,vanilla4_cftnorm
LD Car,Compressed NG,2045,0.0,0.0,-0.0,vanilla4_cftnorm
LD Car,Compressed NG,2050,0.0,0.0,-0.0,vanilla4_cftnorm
LD Car,Diesel,2025,43960.0,0.0,-18350.0,vanilla4_cftnorm
LD Car,Diesel,2030,3810.0,0.0,-40150.0,vanilla4_cftnorm
LD Car,Diesel,2035,0.0,0.0,-3810.0,vanilla4_cftnorm
LD Car,Diesel,2040,0.0,0.0,-0.0,vanilla4_cftnorm
LD Car,Diesel,2045,0.0,0.0,-0.0,vanilla4_cftnorm
LD Car,Diesel,2050,0.0,0.0,-0.0,vanilla4_cftnorm
LD Car,Fuel-cell electric,2025,0.0,0.0,-0.0,vanilla4_cftnorm
LD Car,Fuel-cell electric,2030,0.0,0.0,-0.0,vanilla4_cftnorm
LD Car,Fuel-cell electric,2035,0.0,0.0,-0.0,vanilla4_cftnorm
LD Car,Fuel-cell electric,2040,0.0,0.0,-0.0,vanilla4_cftnorm
LD Car,Fuel-cell electric,2045,0.0,0.0,-0.0,vanilla4_cftnorm
LD Car,Fuel-cell electric,2050,0.0,0.0,-0.0,vanilla4_cftnorm
LD Car,Gasoline,2025,3015340.0,0.0,-593420.0,vanilla4_cftnorm
LD Car,Gasoline,2030,1658200.0,0.0,-1357130.0,vanilla4_cftnorm
LD Car,Gasoline,2035,0.0,0.0,-1658200.0,vanilla4_cftnorm
LD Car,Gasoline,2040,0.0,0.0,-0.0,vanilla4_cftnorm
LD Car,Gasoline,2045,0.0,0.0,-0.0,vanilla4_cftnorm
LD Car,Gasoline,2050,0.0,0.0,-0.0,vanilla4_cftnorm
LD Car,Hybrid,2025,78220.0,0.0,-0.0,vanilla4_cftnorm
LD Car,Hybrid,2030,47610.0,0.0,-30610.0,vanilla4_cftnorm
LD Car,Hybrid,2035,0.0,0.0,-47610.0,vanilla4_cftnorm
LD Car,Hybrid,2040,0.0,0.0,-0.0,vanilla4_cftnorm
LD Car,Hybrid,2045,0.0,0.0,-0.0,vanilla4_cftnorm
LD Car,Hybrid,2050,0.0,0.0,-0.0,vanilla4_cftnorm
LD Car,PHEV (35-mile AER),2025,25420.0,0.0,-0.0,vanilla4_cftnorm
LD Car,PHEV (35-mile AER),2030,22740.0,0.0,-2680.0,vanilla4_cftnorm
LD Car,PHEV (35-mile AER),2035,0.0,0.0,-22740.0,vanilla4_cftnorm
LD Car,PHEV (35-mile AER),2040,0.0,0.0,-0.0,vanilla4_cftnorm
LD Car,PHEV (35-mile AER),2045,0.0,0.0,-0.0,vanilla4_cftnorm
LD Car,PHEV (35-mile AER),2050,0.0,0.0,-0.0,vanilla4_cftnorm
LD Car,PHEV (50-mile AER),2025,0.0,0.0,-0.0,vanilla4_cftnorm
LD Car,PHEV (50-mile AER),2030,0.0,0.0,-0.0,vanilla4_cftnorm
LD Car,PHEV (50-mile AER),2035,0.0,0.0,-0.0,vanilla4_cftnorm
LD Car,PHEV (50-mile AER),2040,0.0,0.0,-0.0,vanilla4_cftnorm
LD Car,PHEV (50-mile AER),2045,0.0,0.0,-0.0,vanilla4_cftnorm
LD Car,PHEV (50-mile AER),2050,0.0,0.0,-0.0,vanilla4_cftnorm
LD Truck,BEV (150-mile AER),2025,1675940.0,1675520.0,-0.0,vanilla4_cftnorm
LD Truck,BEV (150-mile AER),2030,3265210.0,1589260.0,-0.0,vanilla4_cftnorm
LD Truck,BEV (150-mile AER),2035,6054450.0,2789250.0,-0.0,vanilla4_cftnorm
LD Truck,BEV (150-mile AER),2040,8483440.0,2429420.0,-430.0,vanilla4_cftnorm
LD Truck,BEV (150-mile AER),2045,8898430.0,2090500.0,-1675520.0,vanilla4_cftnorm
LD Truck,BEV (150-mile AER),2050,10404540.0,3095380.0,-1589260.0,vanilla4_cftnorm
LD Truck,BEV (200-mile AER),2025,40.0,30.0,-0.0,vanilla4_cftnorm
LD Truck,BEV (200-mile AER),2030,80.0,30.0,-0.0,vanilla4_cftnorm
LD Truck,BEV (200-mile AER),2035,120.0,40.0,-0.0,vanilla4_cftnorm
LD Truck,BEV (200-mile AER),2040,140.0,40.0,-20.0,vanilla4_cftnorm
LD Truck,BEV (200-mile AER),2045,170.0,50.0,-30.0,vanilla4_cftnorm
LD Truck,BEV (200-mile AER),2050,210.0,70.0,-30.0,vanilla4_cftnorm
LD Truck,BEV (300-mile AER),2025,4460.0,10.0,-0.0,vanilla4_cftnorm
LD Truck,BEV (300-mile AER),2030,4480.0,10.0,0.0,vanilla4_cftnorm
LD Truck,BEV (300-mile AER),2035,4420.0,20.0,-70.0,vanilla4_cftnorm
LD Truck,BEV (300-mile AER),2040,50.0,10.0,-4380.0,vanilla4_cftnorm
LD Truck,BEV (300-mile AER),2045,60.0,20.0,-10.0,vanilla4_cftnorm
LD Truck,BEV (300-mile AER),2050,70.0,20.0,-10.0,vanilla4_cftnorm
LD Truck,BEV (400-mile AER),2025,10.0,0.0,-0.0,vanilla4_cftnorm
LD Truck,BEV (400-mile AER),2030,10.0,10.0,-0.0,vanilla4_cftnorm
LD Truck,BEV (400-mile AER),2035,20.0,10.0,-0.0,vanilla4_cftnorm
LD Truck,BEV (400-mile AER),2040,30.0,10.0,-0.0,vanilla4_cftnorm
LD Truck,BEV (400-mile AER),2045,30.0,10.0,-0.0,vanilla4_cftnorm
LD Truck,BEV (400-mile AER),2050,40.0,10.0,-10.0,vanilla4_cftnorm
LD Truck,Compressed NG,2025,0.0,0.0,-0.0,vanilla4_cftnorm
LD Truck,Compressed NG,2030,0.0,0.0,-0.0,vanilla4_cftnorm
LD Truck,Compressed NG,2035,0.0,0.0,0.0,vanilla4_cftnorm
LD Truck,Compressed NG,2040,0.0,0.0,-0.0,vanilla4_cftnorm
LD Truck,Compressed NG,2045,0.0,0.0,-0.0,vanilla4_cftnorm
LD Truck,Compressed NG,2050,0.0,0.0,-0.0,vanilla4_cftnorm
LD Truck,Diesel,2025,213090.0,0.0,-0.0,vanilla4_cftnorm
LD Truck,Diesel,2030,179240.0,0.0,-33850.0,vanilla4_cftnorm
LD Truck,Diesel,2035,104060.0,0.0,-75170.0,vanilla4_cftnorm
LD Truck,Diesel,2040,0.0,0.0,-104060.0,vanilla4_cftnorm
LD Truck,Diesel,2045,0.0,0.0,-0.0,vanilla4_cftnorm
LD Truck,Diesel,2050,0.0,0.0,-0.0,vanilla4_cftnorm
LD Truck,Fuel-cell electric,2025,0.0,0.0,-0.0,vanilla4_cftnorm
LD Truck,Fuel-cell electric,2030,0.0,0.0,0.0,vanilla4_cftnorm
LD Truck,Fuel-cell electric,2035,0.0,0.0,-0.0,vanilla4_cftnorm
LD Truck,Fuel-cell electric,2040,0.0,0.0,-0.0,vanilla4_cftnorm
LD Truck,Fuel-cell electric,2045,0.0,0.0,-0.0,vanilla4_cftnorm
LD Truck,Fuel-cell electric,2050,0.0,0.0,-0.0,vanilla4_cftnorm
LD Truck,Gasoline,2025,4601590.0,0.0,-0.0,vanilla4_cftnorm
LD Truck,Gasoline,2030,3600060.0,0.0,-1001530.0,vanilla4_cftnorm
LD Truck,Gasoline,2035,2041380.0,0.0,-1558670.0,vanilla4_cftnorm
LD Truck,Gasoline,2040,0.0,0.0,-2041380.0,vanilla4_cftnorm
LD Truck,Gasoline,2045,0.0,0.0,-0.0,vanilla4_cftnorm
LD Truck,Gasoline,2050,0.0,0.0,-0.0,vanilla4_cftnorm
LD Truck,Hybrid,2025,21230.0,0.0,-0.0,vanilla4_cftnorm
LD Truck,Hybrid,2030,21230.0,0.0,-0.0,vanilla4_cftnorm
LD Truck,Hybrid,2035,17880.0,0.0,-3350.0,vanilla4_cftnorm
LD Truck,Hybrid,2040,0.0,0.0,-17880.0,vanilla4_cftnorm
LD Truck,Hybrid,2045,0.0,0.0,-0.0,vanilla4_cftnorm
LD Truck,Hybrid,2050,0.0,0.0,-0.0,vanilla4_cftnorm
LD Truck,PHEV (35-mile AER),2025,430010.0,9170.0,0.0,vanilla4_cftnorm
LD Truck,PHEV (35-mile AER),2030,440350.0,10340.0,-0.0,vanilla4_cftnorm
LD Truck,PHEV (35-mile AER),2035,444840.0,4570.0,-80.0,vanilla4_cftnorm
LD Truck,PHEV (35-mile AER),2040,24530.0,460.0,-420770.0,vanilla4_cftnorm
LD Truck,PHEV (35-mile AER),2045,15560.0,200.0,-9170.0,vanilla4_cftnorm
LD Truck,PHEV (35-mile AER),2050,5260.0,50.0,-10340.0,vanilla4_cftnorm
LD Truck,PHEV (50-mile AER),2025,0.0,0.0,-0.0,vanilla4_cftnorm
LD Truck,PHEV (50-mile AER),2030,0.0,0.0,-0.0,vanilla4_cftnorm
LD Truck,PHEV (50-mile AER),2035,0.0,0.0,-0.0,vanilla4_cftnorm
LD Truck,PHEV (50-mile AER),2040,0.0,0.0,-0.0,vanilla4_cftnorm
LD Truck,PHEV (50-mile AER),2045,0.0,0.0,-0.0,vanilla4_cftnorm
LD Truck,PHEV (50-mile AER),2050,0.0,0.0,-0.0,vanilla4_cftnorm
MD Truck,Battery electric,2025,0.0,0.0,-0.0,vanilla4_cftnorm
MD Truck,Battery electric,2030,0.0,0.0,-0.0,vanilla4_cftnorm
MD Truck,Battery electric,2035,0.0,0.0,-0.0,vanilla4_cftnorm
MD Truck,Battery electric,2040,0.0,0.0,-0.0,vanilla4_cftnorm
MD Truck,Battery electric,2045,114770.0,114770.0,-0.0,vanilla4_cftnorm
MD Truck,Battery electric,2050,282610.0,167830.0,-0.0,vanilla4_cftnorm
MD Truck,Diesel,2025,221470.0,0.0,-12080.0,vanilla4_cftnorm
MD Truck,Diesel,2030,174770.0,0.0,-46700.0,vanilla4_cftnorm
MD Truck,Diesel,2035,112530.0,0.0,-62240.0,vanilla4_cftnorm
MD Truck,Fuel-cell electric,2025,117380.0,79730.0,-0.0,vanilla4_cftnorm
MD Truck,Fuel-cell electric,2030,228860.0,111480.0,-0.0,vanilla4_cftnorm
MD Truck,Fuel-cell electric,2035,403640.0,174780.0,-0.0,vanilla4_cftnorm
MD Truck,Fuel-cell electric,2040,570240.0,204260.0,-37650.0,vanilla4_cftnorm
MD Truck,Fuel-cell electric,2045,503810.0,13300.0,-79730.0,vanilla4_cftnorm
MD Truck,Fuel-cell electric,2050,401930.0,9600.0,-111480.0,vanilla4_cftnorm
MD Truck,Gasoline,2025,141600.0,0.0,-8050.000000000001,vanilla4_cftnorm
MD Truck,Gasoline,2030,110470.0,0.0,-31140.0,vanilla4_cftnorm
MD Truck,Gasoline,2035,68970.0,0.0,-41490.0,vanilla4_cftnorm
MD Truck,Gasoline,2040,0.0,0.0,-68970.0,vanilla4_cftnorm
MD Truck,Gasoline,2045,0.0,0.0,-0.0,vanilla4_cftnorm
MD Truck,Gasoline,2050,0.0,0.0,-0.0,vanilla4_cftnorm
MD Truck,Hybrid,2025,0.0,0.0,-0.0,vanilla4_cftnorm
MD Truck,Hybrid,2030,0.0,0.0,-0.0,vanilla4_cftnorm
MD Truck,Hybrid,2035,0.0,0.0,-0.0,vanilla4_cftnorm
MD Truck,Hybrid,2040,0.0,0.0,-0.0,vanilla4_cftnorm
MD Truck,Hybrid,2045,0.0,0.0,-0.0,vanilla4_cftnorm
MD Truck,Plug-in hybrid,2045,0.0,0.0,-0.0,vanilla4_cftnorm
MD Truck,Plug-in hybrid,2050,0.0,0.0,-0.0,vanilla4_cftnorm
HD Truck,Battery electric,2025,150.0,150.0,-0.0,lowgrowth
HD Truck,Battery electric,2030,500.0,350.0,-0.0,lowgrowth
HD Truck,Battery electric,2035,1340.0,830.0,-0.0,lowgrowth
HD Truck,Battery electric,2040,3330.0,1990.0,-0.0,lowgrowth
HD Truck,Battery electric,2045,8000.0,4820.0,-150.0,lowgrowth
HD Truck,Battery electric,2050,18980.0,11340.0,-350.0,lowgrowth
HD Truck,Diesel,2025,152730.0,11930.0,-9730.0,lowgrowth
HD Truck,Diesel,2030,158190.0,32220.0,-26760.0,lowgrowth
HD Truck,Diesel,2035,170890.0,48360.0,-35660.0,lowgrowth
HD Truck,Diesel,2040,164200.0,71690.0,-78380.0,lowgrowth
HD Truck,Diesel,2045,165590.0,13320.0,-11930.0,lowgrowth
HD Truck,Diesel,2050,168500.0,35130.0,-32220.0,lowgrowth
HD Truck,Fuel-cell electric,2025,150.0,150.0,-0.0,lowgrowth
HD Truck,Fuel-cell electric,2030,500.0,350.0,-0.0,lowgrowth
HD Truck,Fuel-cell electric,2035,1340.0,830.0,-0.0,lowgrowth
HD Truck,Fuel-cell electric,2040,3330.0,1990.0,-0.0,lowgrowth
HD Truck,Fuel-cell electric,2045,8000.0,4820.0,-150.0,lowgrowth
HD Truck,Fuel-cell electric,2050,9790.0,2150.0,-350.0,lowgrowth
HD Truck,Hybrid,2025,150.0,150.0,-0.0,lowgrowth
HD Truck,Hybrid,2030,500.0,350.0,-0.0,lowgrowth
HD Truck,Hybrid,2035,1340.0,830.0,-0.0,lowgrowth
HD Truck,Hybrid,2040,3330.0,1990.0,-0.0,lowgrowth
HD Truck,Hybrid,2045,4080.0,900.0,-150.0,lowgrowth
HD Truck,Hybrid,2050,4730.0,1010.0,-350.0,lowgrowth
HD Truck,Plug-in hybrid,2025,150.0,150.0,-0.0,lowgrowth
HD Truck,Plug-in hybrid,2030,500.0,350.0,-0.0,lowgrowth
HD Truck,Plug-in hybrid,2035,1340.0,830.0,-0.0,lowgrowth
HD Truck,Plug-in hybrid,2040,3330.0,1990.0,-0.0,lowgrowth
HD Truck,Plug-in hybrid,2045,8000.0,4820.0,-150.0,lowgrowth
HD Truck,Plug-in hybrid,2050,9790.0,2150.0,-350.0,lowgrowth
LD Car,BEV (150-mile AER),2025,124820.0,64090.0,-0.0,lowgrowth
LD Car,BEV (150-mile AER),2030,299260.0,178080.0,-3640.0,lowgrowth
LD Car,BEV (150-mile AER),2035,693410.0,451230.0,-57090.0,lowgrowth
LD Car,BEV (150-mile AER),2040,1616870.0,987560.0,-64090.0,lowgrowth
LD Car,BEV (150-mile AER),2045,3534820.0,2096030.0000000002,-178080.0,lowgrowth
LD Car,BEV (150-mile AER),2050,6134130.0,3050550.0,-451230.0,lowgrowth
LD Car,BEV (200-mile AER),2025,70.0,40.0,-0.0,lowgrowth
LD Car,BEV (200-mile AER),2030,110.0,50.0,-0.0,lowgrowth
LD Car,BEV (200-mile AER),2035,130.0,40.0,-30.0,lowgrowth
LD Car,BEV (200-mile AER),2040,140.0,50.0,-40.0,lowgrowth
LD Car,BEV (200-mile AER),2045,160.0,70.0,-50.0,lowgrowth
LD Car,BEV (200-mile AER),2050,190.0,80.0,-40.0,lowgrowth
LD Car,BEV (300-mile AER),2025,20.0,10.0,-0.0,lowgrowth
LD Car,BEV (300-mile AER),2030,40.0,10.0,-0.0,lowgrowth
LD Car,BEV (300-mile AER),2035,40.0,10.0,-10.0,lowgrowth
LD Car,BEV (300-mile AER),2040,50.0,20.0,-10.0,lowgrowth
LD Car,BEV (300-mile AER),2045,50.0,20.0,-10.0,lowgrowth
LD Car,BEV (300-mile AER),2050,60.0,20.0,-10.0,lowgrowth
LD Car,BEV (400-mile AER),2025,10.0,10.0,-0.0,lowgrowth
LD Car,BEV (400-mile AER),2030,20.0,10.0,-0.0,lowgrowth
LD Car,BEV (400-mile AER),2035,20.0,10.0,-10.0,lowgrowth
LD Car,BEV (400-mile AER),2040,20.0,10.0,-10.0,lowgrowth
LD Car,BEV (400-mile AER),2045,30.0,10.0,-10.0,lowgrowth
LD Car,BEV (400-mile AER),2050,30.0,10.0,-10.0,lowgrowth
LD Car,Compressed NG,2025,4270.0,4270.0,-0.0,lowgrowth
LD Car,Compressed NG,2030,14330.0,10060.0,-0.0,lowgrowth
LD Car,Compressed NG,2035,38890.0,24550.0,-0.0,lowgrowth
LD Car,Compressed NG,2040,35310.0,700.0,-4270.0,lowgrowth
LD Car,Compressed NG,2045,25690.0,440.0,-10060.0,lowgrowth
LD Car,Compressed NG,2050,1160.0,20.0,-24550.0,lowgrowth
LD Car,Diesel,2025,126180.0,82220.0,-18350.0,lowgrowth
LD Car,Diesel,2030,278500.0,192470.0,-40150.0,lowgrowth
LD Car,Diesel,2035,663550.0,388870.0,-3810.0,lowgrowth
LD Car,Diesel,2040,592990.0,11660.0,-82220.0,lowgrowth
LD Car,Diesel,2045,407460.0,6930.0,-192470.0,lowgrowth
LD Car,Diesel,2050,18940.0,350.0,-388870.0,lowgrowth
LD Car,Fuel-cell electric,2025,4270.0,4270.0,-0.0,lowgrowth
LD Car,Fuel-cell electric,2030,14330.0,10060.0,-0.0,lowgrowth
LD Car,Fuel-cell electric,2035,38890.0,24550.0,-0.0,lowgrowth
LD Car,Fuel-cell electric,2040,95850.0,61240.0,-4270.0,lowgrowth
LD Car,Fuel-cell electric,2045,87520.0,1740.0,-10060.0,lowgrowth
LD Car,Fuel-cell electric,2050,64060.0,1090.0,-24550.0,lowgrowth
LD Car,Gasoline,2025,5125420.0,1651190.0,-593420.0,lowgrowth
LD Car,Gasoline,2030,4506470.0,738180.0,-1357130.0,lowgrowth
LD Car,Gasoline,2035,3324250.0,934870.0,-2117100.0,lowgrowth
LD Car,Gasoline,2040,1705820.0,32770.0,-1651190.0,lowgrowth
LD Car,Gasoline,2045,984230.0,16600.0,-738180.0,lowgrowth
LD Car,Gasoline,2050,50270.0,910.0,-934870.0,lowgrowth
LD Car,Hybrid,2025,203320.0,105150.0,0.0,lowgrowth
LD Car,Hybrid,2030,465680.0,292970.0,-30610.0,lowgrowth
LD Car,Hybrid,2035,1070580.0,672460.0,-67560.0,lowgrowth
LD Car,Hybrid,2040,1675580.0,710150.0,-105150.0,lowgrowth
LD Car,Hybrid,2045,1409420.0,26810.0,-292970.0,lowgrowth
LD Car,Hybrid,2050,749740.0,12780.0,-672460.0,lowgrowth
LD Car,PHEV (35-mile AER),2025,55160.0,29740.0,-0.0,lowgrowth
LD Car,PHEV (35-mile AER),2030,136650.0,84170.0,-2680.0,lowgrowth
LD Car,PHEV (35-mile AER),2035,319360.0,205450.0,-22740.0,lowgrowth
LD Car,PHEV (35-mile AER),2040,754500.0,464880.0,-29740.0,lowgrowth
LD Car,PHEV (35-mile AER),2045,683840.0,13520.0,-84170.0,lowgrowth
LD Car,PHEV (35-mile AER),2050,486670.0,8280.0,-205450.0,lowgrowth
LD Car,PHEV (50-mile AER),2025,0.0,0.0,-0.0,lowgrowth
LD Car,PHEV (50-mile AER),2030,0.0,0.0,-0.0,lowgrowth
LD Car,PHEV (50-mile AER),2035,0.0,0.0,-0.0,lowgrowth
LD Car,PHEV (50-mile AER),2040,20.0,20.0,-0.0,lowgrowth
LD Car,PHEV (50-mile AER),2045,20.0,0.0,-0.0,lowgrowth
LD Car,PHEV (50-mile AER),2050,20.0,0.0,-0.0,lowgrowth
LD Truck,BEV (150-mile AER),2025,66410.0,37800.0,-0.0,lowgrowth
LD Truck,BEV (150-mile AER),2030,167870.0,101450.0,-0.0,lowgrowth
LD Truck,BEV (150-mile AER),2035,427510.0,259640.0,-0.0,lowgrowth
LD Truck,BEV (150-mile AER),2040,1004490.0,605590.0,-28610.0,lowgrowth
LD Truck,BEV (150-mile AER),2045,2381460.0,1414770.0,-37800.0,lowgrowth
LD Truck,BEV (150-mile AER),2050,4866840.0,2586830.0,-101450.0,lowgrowth
LD Truck,BEV (200-mile AER),2025,110.0,60.0,-0.0,lowgrowth
LD Truck,BEV (200-mile AER),2030,180.0,70.0,-0.0,lowgrowth
LD Truck,BEV (200-mile AER),2035,290.0,110.0,-0.0,lowgrowth
LD Truck,BEV (200-mile AER),2040,350.0,110.0,-40.0,lowgrowth
LD Truck,BEV (200-mile AER),2045,410.0,130.0,-60.0,lowgrowth
LD Truck,BEV (200-mile AER),2050,480.0,140.0,-70.0,lowgrowth
LD Truck,BEV (300-mile AER),2025,4490.0,20.0,-0.0,lowgrowth
LD Truck,BEV (300-mile AER),2030,4520.0,30.0,-0.0,lowgrowth
LD Truck,BEV (300-mile AER),2035,4490.0,40.0,-70.0,lowgrowth
LD Truck,BEV (300-mile AER),2040,130.0,40.0,-4390.0,lowgrowth
LD Truck,BEV (300-mile AER),2045,160.0,40.0,-20.0,lowgrowth
LD Truck,BEV (300-mile AER),2050,170.0,50.0,-30.0,lowgrowth
LD Truck,BEV (400-mile AER),2025,20.0,10.0,-0.0,lowgrowth
LD Truck,BEV (400-mile AER),2030,40.0,20.0,-0.0,lowgrowth
LD Truck,BEV (400-mile AER),2035,60.0,20.0,-0.0,lowgrowth
LD Truck,BEV (400-mile AER),2040,70.0,20.0,-10.0,lowgrowth
LD Truck,BEV (400-mile AER),2045,80.0,20.0,-10.0,lowgrowth
LD Truck,BEV (400-mile AER),2050,90.0,20.0,-20.0,lowgrowth
LD Truck,Compressed NG,2025,5260.0,5260.0,-0.0,lowgrowth
LD Truck,Compressed NG,2030,17650.0,12390.0,-0.0,lowgrowth
LD Truck,Compressed NG,2035,46840.0,29190.0,-0.0,lowgrowth
LD Truck,Compressed NG,2040,63420.0,16570.0,-0.0,lowgrowth
LD Truck,Compressed NG,2045,59510.0,1350.0,-5260.0,lowgrowth
LD Truck,Compressed NG,2050,47900.0,790.0,-12390.0,lowgrowth
LD Truck,Diesel,2025,1674400.0,1461310.0,-0.0,lowgrowth
LD Truck,Diesel,2030,2801940.0,1161400.0,-33850.0,lowgrowth
LD Truck,Diesel,2035,4468110.0,1741340.0,-75170.0,lowgrowth
LD Truck,Diesel,2040,4654360.0,290310.0,-104060.0,lowgrowth
LD Truck,Diesel,2045,3251790.0,58740.0,-1461310.0,lowgrowth
LD Truck,Diesel,2050,2110820.0,20430.0,-1161400.0,lowgrowth
LD Truck,Fuel-cell electric,2025,5260.0,5260.0,-0.0,lowgrowth
LD Truck,Fuel-cell electric,2030,17650.0,12390.0,-0.0,lowgrowth
LD Truck,Fuel-cell electric,2035,46840.0,29190.0,-0.0,lowgrowth
LD Truck,Fuel-cell electric,2040,119800.0,72960.0,-0.0,lowgrowth
LD Truck,Fuel-cell electric,2045,153880.0,39340.0,-5260.0,lowgrowth
LD Truck,Fuel-cell electric,2050,231640.0,90150.0,-12390.0,lowgrowth
LD Truck,Gasoline,2025,4970900.0,8220.0,-0.0,lowgrowth
LD Truck,Gasoline,2030,3978640.0,9270.0,-1001530.0,lowgrowth
LD Truck,Gasoline,2035,2424080.0,4110.0,-1558670.0,lowgrowth
LD Truck,Gasoline,2040,22020.0,420.0,-2402480.0,lowgrowth
LD Truck,Gasoline,2045,13990.0,180.0,-8220.0,lowgrowth
LD Truck,Gasoline,2050,4760.0,40.0,-9270.0,lowgrowth
LD Truck,Hybrid,2025,188690.0,95670.0,0.0,lowgrowth
LD Truck,Hybrid,2030,444300.0,255600.0,-0.0,lowgrowth
LD Truck,Hybrid,2035,1083900.0,642960.0,-3350.0,lowgrowth
LD Truck,Hybrid,2040,2138850.0,1144620.0,-89660.0,lowgrowth
LD Truck,Hybrid,2045,2233820.0,190640.0,-95670.0,lowgrowth
LD Truck,Hybrid,2050,2169080.0,190870.0,-255600.0,lowgrowth
LD Truck,PHEV (35-mile AER),2025,30840.0,17950.0,-0.0,lowgrowth
LD Truck,PHEV (35-mile AER),2030,71160.0,40320.0,0.0,lowgrowth
LD Truck,PHEV (35-mile AER),2035,173210.0,102130.0,-80.0,lowgrowth
LD Truck,PHEV (35-mile AER),2040,398120.0,237720.0,-12810.0,lowgrowth
LD Truck,PHEV (35-mile AER),2045,659980.0,279800.0,-17950.0,lowgrowth
LD Truck,PHEV (35-mile AER),2050,629940.0,10290.0,-40320.0,lowgrowth
LD Truck,PHEV (50-mile AER),2025,0.0,0.0,-0.0,lowgrowth
LD Truck,PHEV (50-mile AER),2030,6700.0,6690.0,-0.0,lowgrowth
LD Truck,PHEV (50-mile AER),2035,23730.0,17040.0,-0.0,lowgrowth
LD Truck,PHEV (50-mile AER),2040,64060.0,40330.0,-0.0,lowgrowth
LD Truck,PHEV (50-mile AER),2045,159190.0,95140.0,-0.0,lowgrowth
LD Truck,PHEV (50-mile AER),2050,377130.0,224630.0,-6690.0,lowgrowth
MD Truck,Battery electric,2025,490.0,460.0,-0.0,lowgrowth
MD Truck,Battery electric,2030,1580.0,1090.0,-0.0,lowgrowth
MD Truck,Battery electric,2035,4140.0,2560.0,-0.0,lowgrowth
MD Truck,Battery electric,2040,10340.0,6230.0,-30.0,lowgrowth
MD Truck,Battery electric,2045,24770.0,14890.0,-460.0,lowgrowth
MD Truck,Battery electric,2050,58760.0,35070.0,-1090.0,lowgrowth
MD Truck,Diesel,2025,245350.0,630.0,-12080.0,lowgrowth
MD Truck,Diesel,2030,199330.0,680.0,-46700.0,lowgrowth
MD Truck,Diesel,2035,137660.0,570.0,-62240.0,lowgrowth
MD Truck,Diesel,2040,1920.0,50.0,-135780.0,lowgrowth
MD Truck,Diesel,2045,1320.0,30.0,-630.0,lowgrowth
MD Truck,Diesel,2050,650.0,10.0,-680.0,lowgrowth
MD Truck,Fuel-cell electric,2025,420.0,420.0,-0.0,lowgrowth
MD Truck,Fuel-cell electric,2030,1410.0,990.0,-0.0,lowgrowth
MD Truck,Fuel-cell electric,2035,3750.0,2340.0,-0.0,lowgrowth
MD Truck,Fuel-cell electric,2040,9430.0,5680.0,-0.0,lowgrowth
MD Truck,Fuel-cell electric,2045,22620.0,13620.0,-420.0,lowgrowth
MD Truck,Fuel-cell electric,2050,53690.0,32060.000000000004,-990.0,lowgrowth
MD Truck,Gasoline,2025,247530.0,79740.0,-8050.000000000001,lowgrowth
MD Truck,Gasoline,2030,325770.0,109370.0,-31140.0,lowgrowth
MD Truck,Gasoline,2035,455090.0,170820.0,-41490.0,lowgrowth
MD Truck,Gasoline,2040,554640.0,194720.0,-95160.0,lowgrowth
MD Truck,Gasoline,2045,551270.0,76370.0,-79740.0,lowgrowth
MD Truck,Gasoline,2050,493930.0,52030.0,-109370.0,lowgrowth
MD Truck,Hybrid,2025,420.0,420.0,-0.0,lowgrowth
MD Truck,Hybrid,2030,1410.0,990.0,-0.0,lowgrowth
MD Truck,Hybrid,2035,3750.0,2340.0,-0.0,lowgrowth
MD Truck,Hybrid,2040,9430.0,5680.0,-0.0,lowgrowth
MD Truck,Hybrid,2045,22620.0,13620.0,-420.0,lowgrowth
MD Truck,Hybrid,2050,53690.0,32060.000000000004,-990.0,lowgrowth
MD Truck,Plug-in hybrid,2025,420.0,420.0,-0.0,lowgrowth
MD Truck,Plug-in hybrid,2030,1410.0,990.0,-0.0,lowgrowth
MD Truck,Plug-in hybrid,2035,3750.0,2340.0,-0.0,lowgrowth
MD Truck,Plug-in hybrid,2040,9430.0,5680.0,-0.0,lowgrowth
MD Truck,Plug-in hybrid,2045,22620.0,13620.0,-420.0,lowgrowth
MD Truck,Plug-in hybrid,2050,53690.0,32060.000000000004,-990.0,lowgrowth
HD Truck,Battery electric,2025,150.0,150.0,-0.0,baseline
HD Truck,Battery electric,2030,690.0,540.0,-0.0,baseline
HD Truck,Battery electric,2035,2600.0,1920.0,-0.0,baseline
HD Truck,Battery electric,2040,9470.0,6870.0,-0.0,baseline
HD Truck,Battery electric,2045,33960.0,24640.0,-150.0,baseline
HD Truck,Battery electric,2050,50510.0,17080.0,-540.0,baseline
HD Truck,Diesel,2025,152730.0,11930.0,-9730.0,baseline
HD Truck,Diesel,2030,157460.0,31490.0,-26760.0,baseline
HD Truck,Diesel,2035,165820.0,44030.0,-35660.0,baseline
HD Truck,Diesel,2040,139630.0,52190.0,-78380.0,baseline
HD Truck,Diesel,2045,127700.0,0.0,-11930.0,baseline
HD Truck,Diesel,2050,121030.0,24820.0,-31490.0,baseline
HD Truck,Fuel-cell electric,2025,150.0,150.0,-0.0,baseline
HD Truck,Fuel-cell electric,2030,690.0,540.0,-0.0,baseline
HD Truck,Fuel-cell electric,2035,2600.0,1920.0,-0.0,baseline
HD Truck,Fuel-cell electric,2040,9470.0,6870.0,-0.0,baseline
HD Truck,Fuel-cell electric,2045,11680.0,2360.0,-150.0,baseline
HD Truck,Fuel-cell electric,2050,14200.0,3060.0,-540.0,baseline
HD Truck,Hybrid,2025,150.0,150.0,-0.0,baseline
HD Truck,Hybrid,2030,690.0,540.0,-0.0,baseline
HD Truck,Hybrid,2035,2600.0,1920.0,-0.0,baseline
HD Truck,Hybrid,2040,9470.0,6870.0,-0.0,baseline
HD Truck,Hybrid,2045,9320.0,0.0,-150.0,baseline
HD Truck,Hybrid,2050,11170.0,2390.0,-540.0,baseline
HD Truck,Plug-in hybrid,2025,150.0,150.0,-0.0,baseline
HD Truck,Plug-in hybrid,2030,690.0,540.0,-0.0,baseline
HD Truck,Plug-in hybrid,2035,2600.0,1920.0,-0.0,baseline
HD Truck,Plug-in hybrid,2040,9470.0,6870.0,-0.0,baseline
HD Truck,Plug-in hybrid,2045,11980.0,2650.0,-150.0,baseline
HD Truck,Plug-in hybrid,2050,14620.0,3180.0,-540.0,baseline
LD Car,BEV (150-mile AER),2025,171770.0,111050.0,-0.0,baseline
LD Car,BEV (150-mile AER),2030,599060.0,430920.0,-3640.0,baseline
LD Car,BEV (150-mile AER),2035,2057820.0000000002,1515850.0,-57090.0,baseline
LD Car,BEV (150-mile AER),2040,4169700.0,2222930.0,-111050.0,baseline
LD Car,BEV (150-mile AER),2045,5862990.0,2124210.0,-430920.0,baseline
LD Car,BEV (150-mile AER),2050,7437430.0,3090290.0,-1515850.0,baseline
LD Car,BEV (200-mile AER),2025,60.0,30.0,-0.0,baseline
LD Car,BEV (200-mile AER),2030,100.0,40.0,-0.0,baseline
LD Car,BEV (200-mile AER),2035,100.0,40.0,-30.0,baseline
LD Car,BEV (200-mile AER),2040,120.0,40.0,-30.0,baseline
LD Car,BEV (200-mile AER),2045,140.0,60.0,-40.0,baseline
LD Car,BEV (200-mile AER),2050,180.0,70.0,-40.0,baseline
LD Car,BEV (300-mile AER),2025,20.0,10.0,-0.0,baseline
LD Car,BEV (300-mile AER),2030,30.0,10.0,-0.0,baseline
LD Car,BEV (300-mile AER),2035,30.0,10.0,-10.0,baseline
LD Car,BEV (300-mile AER),2040,40.0,20.0,-10.0,baseline
LD Car,BEV (300-mile AER),2045,50.0,20.0,-10.0,baseline
LD Car,BEV (300-mile AER),2050,60.0,20.0,-10.0,baseline
LD Car,BEV (400-mile AER),2025,10.0,0.0,-0.0,baseline
LD Car,BEV (400-mile AER),2030,20.0,10.0,-0.0,baseline
LD Car,BEV (400-mile AER),2035,20.0,10.0,-0.0,baseline
LD Car,BEV (400-mile AER),2040,20.0,10.0,-0.0,baseline
LD Car,BEV (400-mile AER),2045,30.0,10.0,-10.0,baseline
LD Car,BEV (400-mile AER),2050,30.0,10.0,-10.0,baseline
LD Car,Compressed NG,2025,4270.0,4270.0,-0.0,baseline
LD Car,Compressed NG,2030,19530.0,15260.0,-0.0,baseline
LD Car,Compressed NG,2035,19930.0,400.0,-0.0,baseline
LD Car,Compressed NG,2040,15930.0,270.0,-4270.0,baseline
LD Car,Compressed NG,2045,680.0,10.0,-15260.0,baseline
LD Car,Compressed NG,2050,290.0,0.0,-400.0,baseline
LD Car,Diesel,2025,170720.0,126760.0,-18350.0,baseline
LD Car,Diesel,2030,246040.0,115470.0,-40150.0,baseline
LD Car,Diesel,2035,246880.0,4660.0,-3810.0,baseline
LD Car,Diesel,2040,122210.0,2080.0,-126760.0,baseline
LD Car,Diesel,2045,6870.0,120.0,-115470.0,baseline
LD Car,Diesel,2050,2250.0,40.0,-4660.0,baseline
LD Car,Fuel-cell electric,2025,4270.0,4270.0,-0.0,baseline
LD Car,Fuel-cell electric,2030,19530.0,15260.0,-0.0,baseline
LD Car,Fuel-cell electric,2035,74880.0,55350.0,-0.0,baseline
LD Car,Fuel-cell electric,2040,72060.0,1450.0,-4270.0,baseline
LD Car,Fuel-cell electric,2045,57790.0,980.0,-15260.0,baseline
LD Car,Fuel-cell electric,2050,2480.0,50.0,-55350.0,baseline
LD Car,Gasoline,2025,4939260.0,1465030.0,-593420.0,baseline
LD Car,Gasoline,2030,3623450.0,41330.0,-1357130.0,baseline
LD Car,Gasoline,2035,1532420.0,26060.0,-2117100.0,baseline
LD Car,Gasoline,2040,68650.0,1260.0,-1465030.0,baseline
LD Car,Gasoline,2045,27790.0,470.0,-41330.0,baseline
LD Car,Gasoline,2050,1760.0,30.0,-26060.0,baseline
LD Car,Hybrid,2025,278130.0,179960.0,-0.0,baseline
LD Car,Hybrid,2030,923540.0,676030.0,-30610.0,baseline
LD Car,Hybrid,2035,1266360.0,410380.0,-67560.0,baseline
LD Car,Hybrid,2040,1106840.0,20430.0,-179960.0,baseline
LD Car,Hybrid,2045,438300.0,7490.0,-676030.0,baseline
LD Car,Hybrid,2050,28440.0,510.0,-410380.0,baseline
LD Car,PHEV (35-mile AER),2025,75050.0,49620.0,-0.0,baseline
LD Car,PHEV (35-mile AER),2030,270840.0,198480.0,-2680.0,baseline
LD Car,PHEV (35-mile AER),2035,950640.0,702540.0,-22740.0,baseline
LD Car,PHEV (35-mile AER),2040,919520.0,18500.0,-49620.0,baseline
LD Car,PHEV (35-mile AER),2045,733520.0,12470.0,-198480.0,baseline
LD Car,PHEV (35-mile AER),2050,31560.0,590.0,-702540.0,baseline
LD Car,PHEV (50-mile AER),2025,0.0,0.0,-0.0,baseline
LD Car,PHEV (50-mile AER),2030,0.0,0.0,-0.0,baseline
LD Car,PHEV (50-mile AER),2035,10.0,10.0,-0.0,baseline
LD Car,PHEV (50-mile AER),2040,10.0,0.0,-0.0,baseline
LD Car,PHEV (50-mile AER),2045,10.0,0.0,-0.0,baseline
LD Car,PHEV (50-mile AER),2050,0.0,0.0,-10.0,baseline
LD Truck,BEV (150-mile AER),2025,92490.0,63900.0,-0.0,baseline
LD Truck,BEV (150-mile AER),2030,347510.0,255020.0,0.0,baseline
LD Truck,BEV (150-mile AER),2035,1279210.0,931700.0,-0.0,baseline
LD Truck,BEV (150-mile AER),2040,3276240.0,2025620.0,-28590.0,baseline
LD Truck,BEV (150-mile AER),2045,5215910.0,2003570.0,-63900.0,baseline
LD Truck,BEV (150-mile AER),2050,8042650.0,3081770.0,-255020.0,baseline
LD Truck,BEV (200-mile AER),2025,140.0,80.0,-0.0,baseline
LD Truck,BEV (200-mile AER),2030,220.0,80.0,-0.0,baseline
LD Truck,BEV (200-mile AER),2035,320.0,100.0,-0.0,baseline
LD Truck,BEV (200-mile AER),2040,340.0,80.0,-60.0,baseline
LD Truck,BEV (200-mile AER),2045,360.0,90.0,-80.0,baseline
LD Truck,BEV (200-mile AER),2050,400.0,120.0,-80.0,baseline
LD Truck,BEV (300-mile AER),2025,4490.0,30.0,-0.0,baseline
LD Truck,BEV (300-mile AER),2030,4520.0,30.0,0.0,baseline
LD Truck,BEV (300-mile AER),2035,4490.0,40.0,-70.0,baseline
LD Truck,BEV (300-mile AER),2040,120.0,30.0,-4400.0,baseline
LD Truck,BEV (300-mile AER),2045,130.0,30.0,-30.0,baseline
LD Truck,BEV (300-mile AER),2050,140.0,40.0,-30.0,baseline
LD Truck,BEV (400-mile AER),2025,20.0,10.0,-0.0,baseline
LD Truck,BEV (400-mile AER),2030,40.0,20.0,-0.0,baseline
LD Truck,BEV (400-mile AER),2035,60.0,20.0,-0.0,baseline
LD Truck,BEV (400-mile AER),2040,60.0,10.0,-10.0,baseline
LD Truck,BEV (400-mile AER),2045,70.0,20.0,-10.0,baseline
LD Truck,BEV (400-mile AER),2050,70.0,20.0,-20.0,baseline
LD Truck,Compressed NG,2025,5260.0,5260.0,-0.0,baseline
LD Truck,Compressed NG,2030,24060.0,18800.0,0.0,baseline
LD Truck,Compressed NG,2035,39090.0,15030.0,-0.0,baseline
LD Truck,Compressed NG,2040,40110.0,1020.0,-0.0,baseline
LD Truck,Compressed NG,2045,35530.0,680.0,-5260.0,baseline
LD Truck,Compressed NG,2050,16900.0,170.0,-18800.0,baseline
LD Truck,Diesel,2025,1596550.0,1383470.0,-0.0,baseline
LD Truck,Diesel,2030,2089060.0,526350.0,-33850.0,baseline
LD Truck,Diesel,2035,2287360.0,273480.0,-75170.0,baseline
LD Truck,Diesel,2040,2213220.0,29930.0,-104060.0,baseline
LD Truck,Diesel,2045,843110.0,13360.0,-1383470.0,baseline
LD Truck,Diesel,2050,320090.0,3330.0,-526350.0,baseline
LD Truck,Fuel-cell electric,2025,5260.0,5260.0,-0.0,baseline
LD Truck,Fuel-cell electric,2030,24060.0,18800.0,-0.0,baseline
LD Truck,Fuel-cell electric,2035,88020.0,63960.0,-0.0,baseline
LD Truck,Fuel-cell electric,2040,142580.0,54560.0,-0.0,baseline
LD Truck,Fuel-cell electric,2045,140950.0,3630.0,-5260.0,baseline
LD Truck,Fuel-cell electric,2050,124610.0,2460.0,-18800.0,baseline
LD Truck,Gasoline,2025,4970900.0,8220.0,-0.0,baseline
LD Truck,Gasoline,2030,3978590.0,9230.0,-1001530.0,baseline
LD Truck,Gasoline,2035,2424030.0,4110.0,-1558670.0,baseline
LD Truck,Gasoline,2040,21970.0,420.0,-2402480.0,baseline
LD Truck,Gasoline,2045,13940.0,180.0,-8220.0,baseline
LD Truck,Gasoline,2050,4750.0,40.0,-9230.0,baseline
LD Truck,Hybrid,2025,260380.0,167360.0,-0.0,baseline
LD Truck,Hybrid,2030,897910.0,637530.0,-0.0,baseline
LD Truck,Hybrid,2035,2024720.0,1130160.0,-3350.0,baseline
LD Truck,Hybrid,2040,2053020.0,117970.0,-89660.0,baseline
LD Truck,Hybrid,2045,1918920.0,33250.0,-167360.0,baseline
LD Truck,Hybrid,2050,1291550.0,10160.0,-637530.0,baseline
LD Truck,PHEV (35-mile AER),2025,40970.0,28080.0,-0.0,baseline
LD Truck,PHEV (35-mile AER),2030,136330.0,95360.0,-0.0,baseline
LD Truck,PHEV (35-mile AER),2035,482440.0,346190.0,-80.0,baseline
LD Truck,PHEV (35-mile AER),2040,478200.0,8570.0,-12810.0,baseline
LD Truck,PHEV (35-mile AER),2045,457270.0,7150.0,-28080.0,baseline
LD Truck,PHEV (35-mile AER),2050,363540.0,1630.0,-95360.0,baseline
LD Truck,PHEV (50-mile AER),2025,20.0,10.0,-0.0,baseline
LD Truck,PHEV (50-mile AER),2030,14850.0,14840.0,0.0,baseline
LD Truck,PHEV (50-mile AER),2035,69340.0,54490.0,-0.0,baseline
LD Truck,PHEV (50-mile AER),2040,263950.0,194610.0,-0.0,baseline
LD Truck,PHEV (50-mile AER),2045,273480.0,9540.0,-10.0,baseline
LD Truck,PHEV (50-mile AER),2050,266780.0,8140.000000000001,-14840.0,baseline
MD Truck,Battery electric,2025,520.0,480.0,-0.0,baseline
MD Truck,Battery electric,2030,2270.0,1750.0,-0.0,baseline
MD Truck,Battery electric,2035,8540.0,6260.0,-0.0,baseline
MD Truck,Battery electric,2040,31060.0,22560.0,-30.0,baseline
MD Truck,Battery electric,2045,111350.0,80760.0,-480.0,baseline
MD Truck,Battery electric,2050,283410.0,173810.0,-1750.0,baseline
MD Truck,Diesel,2025,245350.0,630.0,-12080.0,baseline
MD Truck,Diesel,2030,199330.0,680.0,-46700.0,baseline
MD Truck,Diesel,2035,137660.0,570.0,-62240.0,baseline
MD Truck,Diesel,2040,1920.0,50.0,-135780.0,baseline
MD Truck,Diesel,2045,1320.0,30.0,-630.0,baseline
MD Truck,Diesel,2050,650.0,10.0,-680.0,baseline
MD Truck,Fuel-cell electric,2025,420.0,420.0,-0.0,baseline
MD Truck,Fuel-cell electric,2030,1930.0,1510.0,-0.0,baseline
MD Truck,Fuel-cell electric,2035,7300.0,5380.0,0.0,baseline
MD Truck,Fuel-cell electric,2040,26670.0,19360.0,-0.0,baseline
MD Truck,Fuel-cell electric,2045,60130.0,33880.0,-420.0,baseline
MD Truck,Fuel-cell electric,2050,60230.0,1610.0,-1510.0,baseline
MD Truck,Gasoline,2025,245480.0,77690.0,-8050.000000000001,baseline
MD Truck,Gasoline,2030,323530.0,109190.0,-31140.0,baseline
MD Truck,Gasoline,2035,440050.0,158000.0,-41490.0,baseline
MD Truck,Gasoline,2040,481390.0,136510.0,-95160.0,baseline
MD Truck,Gasoline,2045,419300.0,15600.0,-77690.0,baseline
MD Truck,Gasoline,2050,320690.0,10580.0,-109190.0,baseline
MD Truck,Hybrid,2025,420.0,420.0,-0.0,baseline
MD Truck,Hybrid,2030,1930.0,1510.0,-0.0,baseline
MD Truck,Hybrid,2035,7300.0,5380.0,-0.0,baseline
MD Truck,Hybrid,2040,26670.0,19360.0,-0.0,baseline
MD Truck,Hybrid,2045,26980.0,730.0,-420.0,baseline
MD Truck,Hybrid,2050,26130.0,660.0,-1510.0,baseline
MD Truck,Plug-in hybrid,2025,420.0,420.0,-0.0,baseline
MD Truck,Plug-in hybrid,2030,1930.0,1510.0,-0.0,baseline
MD Truck,Plug-in hybrid,2035,7300.0,5380.0,-0.0,baseline
MD Truck,Plug-in hybrid,2040,26670.0,19360.0,-0.0,baseline
MD Truck,Plug-in hybrid,2045,26980.0,730.0,-420.0,baseline
MD Truck,Plug-in hybrid,2050,26130.0,660.0,-1510.0,baseline
HD Truck,Battery electric,2025,150.0,150.0,-0.0,highgrowth
HD Truck,Battery electric,2030,4040.0,3890.0,-0.0,highgrowth
HD Truck,Battery electric,2035,57510.0,53480.0,-0.0,highgrowth
HD Truck,Battery electric,2040,131470.0,73950.0,-0.0,highgrowth
HD Truck,Battery electric,2045,158420.0,27110.0,-150.0,highgrowth
HD Truck,Battery electric,2050,201800.0,47260.0,-3890.0,highgrowth
HD Truck,Diesel,2025,153010.0,10890.0,-9730.0,highgrowth
HD Truck,Diesel,2030,142560.0,16300.0,-26760.0,highgrowth
HD Truck,Diesel,2035,106900.0,0.0,-35660.0,highgrowth
HD Truck,Diesel,2040,30900.0,3700.0,-79700.0,highgrowth
HD Truck,Diesel,2045,20010.0,0.0,-10890.0,highgrowth
HD Truck,Diesel,2050,4760.0,1050.0,-16300.0,highgrowth
HD Truck,Fuel-cell electric,2025,150.0,150.0,-0.0,highgrowth
HD Truck,Fuel-cell electric,2030,4040.0,3890.0,-0.0,highgrowth
HD Truck,Fuel-cell electric,2035,4250.0,210.0,-0.0,highgrowth
HD Truck,Fuel-cell electric,2040,5190.0,940.0,-0.0,highgrowth
HD Truck,Fuel-cell electric,2045,5040.0,0.0,-150.0,highgrowth
HD Truck,Fuel-cell electric,2050,1470.0,320.0,-3890.0,highgrowth
HD Truck,Hybrid,2025,150.0,150.0,-0.0,highgrowth
HD Truck,Hybrid,2030,4040.0,3890.0,-0.0,highgrowth
HD Truck,Hybrid,2035,4040.0,0.0,-0.0,highgrowth
HD Truck,Hybrid,2040,4920.0,880.0,-0.0,highgrowth
HD Truck,Hybrid,2045,4770.0,0.0,-150.0,highgrowth
HD Truck,Hybrid,2050,1130.0,250.0,-3890.0,highgrowth
HD Truck,Plug-in hybrid,2025,150.0,150.0,-0.0,highgrowth
HD Truck,Plug-in hybrid,2030,4040.0,3890.0,-0.0,highgrowth
HD Truck,Plug-in hybrid,2035,4040.0,0.0,-0.0,highgrowth
HD Truck,Plug-in hybrid,2040,5190.0,1150.0,-0.0,highgrowth
HD Truck,Plug-in hybrid,2045,5040.0,0.0,-150.0,highgrowth
HD Truck,Plug-in hybrid,2050,1480.0,330.0,-3890.0,highgrowth
LD Car,BEV (150-mile AER),2025,858140.0,799060.0,-0.0,highgrowth
LD Car,BEV (150-mile AER),2030,2330590.0,1476080.0,-3640.0,highgrowth
LD Car,BEV (150-mile AER),2035,4918160.0,2643020.0,-55450.0,highgrowth
LD Car,BEV (150-mile AER),2040,6421240.0,2302140.0,-799060.0,highgrowth
LD Car,BEV (150-mile AER),2045,7095120.0,2149950.0,-1476080.0,highgrowth
LD Car,BEV (150-mile AER),2050,7510160.0,3058060.0,-2643020.0,highgrowth
LD Car,BEV (200-mile AER),2025,20.0,10.0,-0.0,highgrowth
LD Car,BEV (200-mile AER),2030,30.0,10.0,-0.0,highgrowth
LD Car,BEV (200-mile AER),2035,30.0,10.0,-10.0,highgrowth
LD Car,BEV (200-mile AER),2040,30.0,10.0,-10.0,highgrowth
LD Car,BEV (200-mile AER),2045,40.0,20.0,-10.0,highgrowth
LD Car,BEV (200-mile AER),2050,50.0,20.0,-10.0,highgrowth
LD Car,BEV (300-mile AER),2025,10.0,0.0,-0.0,highgrowth
LD Car,BEV (300-mile AER),2030,10.0,0.0,-0.0,highgrowth
LD Car,BEV (300-mile AER),2035,10.0,0.0,-0.0,highgrowth
LD Car,BEV (300-mile AER),2040,10.0,10.0,-0.0,highgrowth
LD Car,BEV (300-mile AER),2045,10.0,10.0,-0.0,highgrowth
LD Car,BEV (300-mile AER),2050,20.0,10.0,-0.0,highgrowth
LD Car,BEV (400-mile AER),2025,0.0,0.0,-0.0,highgrowth
LD Car,BEV (400-mile AER),2030,0.0,0.0,-0.0,highgrowth
LD Car,BEV (400-mile AER),2035,10.0,0.0,-0.0,highgrowth
LD Car,BEV (400-mile AER),2040,10.0,0.0,-0.0,highgrowth
LD Car,BEV (400-mile AER),2045,10.0,0.0,-0.0,highgrowth
LD Car,BEV (400-mile AER),2050,10.0,0.0,-0.0,highgrowth
LD Car,Compressed NG,2025,0.0,0.0,-0.0,highgrowth
LD Car,Compressed NG,2030,0.0,0.0,-0.0,highgrowth
LD Car,Compressed NG,2035,0.0,0.0,-0.0,highgrowth
LD Car,Compressed NG,2040,0.0,0.0,-0.0,highgrowth
LD Car,Compressed NG,2045,0.0,0.0,-0.0,highgrowth
LD Car,Compressed NG,2050,0.0,0.0,-0.0,highgrowth
LD Car,Diesel,2025,43960.0,0.0,-18350.0,highgrowth
LD Car,Diesel,2030,3810.0,0.0,-40150.0,highgrowth
LD Car,Diesel,2035,0.0,0.0,-3810.0,highgrowth
LD Car,Diesel,2040,0.0,0.0,-0.0,highgrowth
LD Car,Diesel,2045,0.0,0.0,-0.0,highgrowth
LD Car,Diesel,2050,0.0,0.0,-0.0,highgrowth
LD Car,Fuel-cell electric,2025,0.0,0.0,-0.0,highgrowth
LD Car,Fuel-cell electric,2030,0.0,0.0,-0.0,highgrowth
LD Car,Fuel-cell electric,2035,0.0,0.0,-0.0,highgrowth
LD Car,Fuel-cell electric,2040,0.0,0.0,-0.0,highgrowth
LD Car,Fuel-cell electric,2045,0.0,0.0,-0.0,highgrowth
LD Car,Fuel-cell electric,2050,0.0,0.0,-0.0,highgrowth
LD Car,Gasoline,2025,3444030.0,8090.0,-593420.0,highgrowth
LD Car,Gasoline,2030,2096010.0000000002,9110.0,-1357130.0,highgrowth
LD Car,Gasoline,2035,17530.0,330.0,-2078810.0,highgrowth
LD Car,Gasoline,2040,9610.0,160.0,-8090.0,highgrowth
LD Car,Gasoline,2045,500.0,10.0,-9110.0,highgrowth
LD Car,Gasoline,2050,170.0,0.0,-330.0,highgrowth
LD Car,Hybrid,2025,913660.0,817160.0,-0.0,highgrowth
LD Car,Hybrid,2030,901000.0,17950.0,-30610.0,highgrowth
LD Car,Hybrid,2035,849530.0,14430.0,-65890.0,highgrowth
LD Car,Hybrid,2040,32990.0,620.0,-817160.0,highgrowth
LD Car,Hybrid,2045,15310.0,260.0,-17950.0,highgrowth
LD Car,Hybrid,2050,900.0,20.0,-14430.0,highgrowth
LD Car,PHEV (35-mile AER),2025,383720.0,358300.0,-0.0,highgrowth
LD Car,PHEV (35-mile AER),2030,388740.0,7700.0,-2680.0,highgrowth
LD Car,PHEV (35-mile AER),2035,372320.0,6320.0,-22740.0,highgrowth
LD Car,PHEV (35-mile AER),2040,14290.0,270.0,-358300.0,highgrowth
LD Car,PHEV (35-mile AER),2045,6700.0,110.0,-7700.0,highgrowth
LD Car,PHEV (35-mile AER),2050,390.0,10.0,-6320.0,highgrowth
LD Car,PHEV (50-mile AER),2025,0.0,0.0,-0.0,highgrowth
LD Car,PHEV (50-mile AER),2030,0.0,0.0,-0.0,highgrowth
LD Car,PHEV (50-mile AER),2035,0.0,0.0,-0.0,highgrowth
LD Car,PHEV (50-mile AER),2040,0.0,0.0,-0.0,highgrowth
LD Car,PHEV (50-mile AER),2045,0.0,0.0,-0.0,highgrowth
LD Car,PHEV (50-mile AER),2050,0.0,0.0,-0.0,highgrowth
LD Truck,BEV (150-mile AER),2025,503390.0,474820.0,0.0,highgrowth
LD Truck,BEV (150-mile AER),2030,2092070.0000000002,1588680.0,-0.0,highgrowth
LD Truck,BEV (150-mile AER),2035,4863590.0,2771520.0,-0.0,highgrowth
LD Truck,BEV (150-mile AER),2040,7229530.0,2394500.0,-28570.0,highgrowth
LD Truck,BEV (150-mile AER),2045,8855510.0,2100810.0,-474820.0,highgrowth
LD Truck,BEV (150-mile AER),2050,10376140.0,3109310.0,-1588680.0,highgrowth
LD Truck,BEV (200-mile AER),2025,40.0,20.0,-0.0,highgrowth
LD Truck,BEV (200-mile AER),2030,50.0,20.0,-0.0,highgrowth
LD Truck,BEV (200-mile AER),2035,80.0,20.0,-0.0,highgrowth
LD Truck,BEV (200-mile AER),2040,80.0,20.0,-20.0,highgrowth
LD Truck,BEV (200-mile AER),2045,100.0,30.0,-20.0,highgrowth
LD Truck,BEV (200-mile AER),2050,120.0,40.0,-20.0,highgrowth
LD Truck,BEV (300-mile AER),2025,4460.0,10.0,-0.0,highgrowth
LD Truck,BEV (300-mile AER),2030,4470.0,10.0,-0.0,highgrowth
LD Truck,BEV (300-mile AER),2035,4400.0,10.0,-70.0,highgrowth
LD Truck,BEV (300-mile AER),2040,30.0,10.0,-4380.0,highgrowth
LD Truck,BEV (300-mile AER),2045,40.0,10.0,-10.0,highgrowth
LD Truck,BEV (300-mile AER),2050,40.0,10.0,-10.0,highgrowth
LD Truck,BEV (400-mile AER),2025,10.0,0.0,-0.0,highgrowth
LD Truck,BEV (400-mile AER),2030,10.0,0.0,-0.0,highgrowth
LD Truck,BEV (400-mile AER),2035,10.0,0.0,-0.0,highgrowth
LD Truck,BEV (400-mile AER),2040,20.0,0.0,-0.0,highgrowth
LD Truck,BEV (400-mile AER),2045,20.0,10.0,-0.0,highgrowth
LD Truck,BEV (400-mile AER),2050,20.0,10.0,-0.0,highgrowth
LD Truck,Compressed NG,2025,1150.0,1150.0,-0.0,highgrowth
LD Truck,Compressed NG,2030,1190.0,40.0,-0.0,highgrowth
LD Truck,Compressed NG,2035,1240.0,50.0,0.0,highgrowth
LD Truck,Compressed NG,2040,1250.0,10.0,-0.0,highgrowth
LD Truck,Compressed NG,2045,100.0,0.0,-1150.0,highgrowth
LD Truck,Compressed NG,2050,60.0,0.0,-40.0,highgrowth
LD Truck,Diesel,2025,360930.0,147840.0,0.0,highgrowth
LD Truck,Diesel,2030,332680.0,5590.0,-33850.0,highgrowth
LD Truck,Diesel,2035,263250.0,5750.0,-75170.0,highgrowth
LD Truck,Diesel,2040,160710.0,1530.0,-104060.0,highgrowth
LD Truck,Diesel,2045,13190.0,310.0,-147840.0,highgrowth
LD Truck,Diesel,2050,7700.0,110.0,-5590.0,highgrowth
LD Truck,Fuel-cell electric,2025,1150.0,1150.0,-0.0,highgrowth
LD Truck,Fuel-cell electric,2030,1190.0,40.0,-0.0,highgrowth
LD Truck,Fuel-cell electric,2035,1240.0,50.0,0.0,highgrowth
LD Truck,Fuel-cell electric,2040,1250.0,10.0,-0.0,highgrowth
LD Truck,Fuel-cell electric,2045,100.0,0.0,-1150.0,highgrowth
LD Truck,Fuel-cell electric,2050,60.0,0.0,-40.0,highgrowth
LD Truck,Gasoline,2025,4970120.0,8200.0,0.0,highgrowth
LD Truck,Gasoline,2030,3977760.0,9160.0,-1001530.0,highgrowth
LD Truck,Gasoline,2035,2423140.0,4059.9999999999995,-1558670.0,highgrowth
LD Truck,Gasoline,2040,21840.0,420.0,-2401720.0,highgrowth
LD Truck,Gasoline,2045,13820.0,180.0,-8200.0,highgrowth
LD Truck,Gasoline,2050,4690.0,40.0,-9160.0,highgrowth
LD Truck,Hybrid,2025,905040.0,812210.0,-0.0,highgrowth
LD Truck,Hybrid,2030,924780.0,19740.0,-0.0,highgrowth
LD Truck,Hybrid,2035,940720.0,19290.0,-3350.0,highgrowth
LD Truck,Hybrid,2040,855840.0,4600.0,-89470.0,highgrowth
LD Truck,Hybrid,2045,44320.0,690.0,-812210.0,highgrowth
LD Truck,Hybrid,2050,24810.0,230.0,-19740.0,highgrowth
LD Truck,PHEV (35-mile AER),2025,200090.0,187220.0,-0.0,highgrowth
LD Truck,PHEV (35-mile AER),2030,204260.0,4160.0,0.0,highgrowth
LD Truck,PHEV (35-mile AER),2035,208340.0,4160.0,-80.0,highgrowth
LD Truck,PHEV (35-mile AER),2040,196540.0,990.0,-12790.0,highgrowth
LD Truck,PHEV (35-mile AER),2045,9460.0,140.0,-187220.0,highgrowth
LD Truck,PHEV (35-mile AER),2050,5340.0,50.0,-4160.0,highgrowth
LD Truck,PHEV (50-mile AER),2025,0.0,0.0,-0.0,highgrowth
LD Truck,PHEV (50-mile AER),2030,0.0,0.0,-0.0,highgrowth
LD Truck,PHEV (50-mile AER),2035,0.0,0.0,-0.0,highgrowth
LD Truck,PHEV (50-mile AER),2040,0.0,0.0,-0.0,highgrowth
LD Truck,PHEV (50-mile AER),2045,0.0,0.0,-0.0,highgrowth
LD Truck,PHEV (50-mile AER),2050,0.0,0.0,-0.0,highgrowth
MD Truck,Battery electric,2025,990.0,960.0,-0.0,highgrowth
MD Truck,Battery electric,2030,26620.0,25630.0,-0.0,highgrowth
MD Truck,Battery electric,2035,204650.0,178030.0,-0.0,highgrowth
MD Truck,Battery electric,2040,418710.0,214100.0,-40.0,highgrowth
MD Truck,Battery electric,2045,543620.0,125860.0,-960.0,highgrowth
MD Truck,Battery electric,2050,700180.0,182190.0,-25630.0,highgrowth
MD Truck,Diesel,2025,247410.0,680.0,-12080.0,highgrowth
MD Truck,Diesel,2030,201450.0,740.0,-46700.0,highgrowth
MD Truck,Diesel,2035,139820.0,610.0,-62240.0,highgrowth
MD Truck,Diesel,2040,2080.0,50.0,-137790.0,highgrowth
MD Truck,Diesel,2045,1430.0,30.0,-680.0,highgrowth
MD Truck,Diesel,2050,700.0,10.0,-740.0,highgrowth
MD Truck,Fuel-cell electric,2025,420.0,420.0,-0.0,highgrowth
MD Truck,Fuel-cell electric,2030,11540.0,11120.0,-0.0,highgrowth
MD Truck,Fuel-cell electric,2035,11870.0,330.0,-0.0,highgrowth
MD Truck,Fuel-cell electric,2040,12200.0,330.0,-0.0,highgrowth
MD Truck,Fuel-cell electric,2045,11990.0,210.0,-420.0,highgrowth
MD Truck,Fuel-cell electric,2050,890.0,20.0,-11120.0,highgrowth
MD Truck,Gasoline,2025,246260.0,76210.0,-8050.000000000001,highgrowth
MD Truck,Gasoline,2030,265780.0,50660.0,-31140.0,highgrowth
MD Truck,Gasoline,2035,230700.0,6410.0,-41490.0,highgrowth
MD Truck,Gasoline,2040,137690.0,4410.0,-97420.0,highgrowth
MD Truck,Gasoline,2045,63240.0,1770.0,-76210.0,highgrowth
MD Truck,Gasoline,2050,13020.0,430.0,-50660.0,highgrowth
MD Truck,Hybrid,2025,420.0,420.0,-0.0,highgrowth
MD Truck,Hybrid,2030,11540.0,11120.0,-0.0,highgrowth
MD Truck,Hybrid,2035,11870.0,330.0,-0.0,highgrowth
MD Truck,Hybrid,2040,12200.0,330.0,-0.0,highgrowth
MD Truck,Hybrid,2045,11990.0,210.0,-420.0,highgrowth
MD Truck,Hybrid,2050,890.0,20.0,-11120.0,highgrowth
MD Truck,Plug-in hybrid,2025,420.0,420.0,-0.0,highgrowth
MD Truck,Plug-in hybrid,2030,11540.0,11120.0,-0.0,highgrowth
MD Truck,Plug-in hybrid,2035,11870.0,330.0,-0.0,highgrowth
MD Truck,Plug-in hybrid,2040,12200.0,330.0,-0.0,highgrowth
MD Truck,Plug-in hybrid,2045,11990.0,210.0,-420.0,highgrowth
MD Truck,Plug-in hybrid,2050,890.0,20.0,-11120.0,highgrowth
HD Truck,Battery electric,2025,150.0,150.0,-0.0,evgrowth
HD Truck,Battery electric,2030,1390.0,1240.0,-0.0,evgrowth
HD Truck,Battery electric,2035,11570.0,10180.0,-0.0,evgrowth
HD Truck,Battery electric,2040,93440.0,81870.0,0.0,evgrowth
HD Truck,Battery electric,2045,120050.0,26760.0,-150.0,evgrowth
HD Truck,Battery electric,2050,158570.0,39750.0,-1240.0,evgrowth
HD Truck,Diesel,2025,153010.0,10890.0,-9730.0,evgrowth
HD Truck,Diesel,2030,154060.0,27800.0,-26760.0,evgrowth
HD Truck,Diesel,2035,134500.0,16110.0,-35660.0,evgrowth
HD Truck,Diesel,2040,54800.0,0.0,-79700.0,evgrowth
HD Truck,Diesel,2045,43910.0,0.0,-10890.0,evgrowth
HD Truck,Diesel,2050,19770.0,3660.0,-27800.0,evgrowth
HD Truck,Fuel-cell electric,2025,150.0,150.0,-0.0,evgrowth
HD Truck,Fuel-cell electric,2030,1390.0,1240.0,-0.0,evgrowth
HD Truck,Fuel-cell electric,2035,11570.0,10180.0,-0.0,evgrowth
HD Truck,Fuel-cell electric,2040,11570.0,0.0,-0.0,evgrowth
HD Truck,Fuel-cell electric,2045,11420.0,0.0,-150.0,evgrowth
HD Truck,Fuel-cell electric,2050,12490.0,2310.0,-1240.0,evgrowth
HD Truck,Hybrid,2025,150.0,150.0,-0.0,evgrowth
HD Truck,Hybrid,2030,1390.0,1240.0,-0.0,evgrowth
HD Truck,Hybrid,2035,6540.0,5150.0,-0.0,evgrowth
HD Truck,Hybrid,2040,6540.0,0.0,-0.0,evgrowth
HD Truck,Hybrid,2045,6390.0,0.0,-150.0,evgrowth
HD Truck,Hybrid,2050,6320.0,1170.0,-1240.0,evgrowth
HD Truck,Plug-in hybrid,2025,150.0,150.0,-0.0,evgrowth
HD Truck,Plug-in hybrid,2030,1390.0,1240.0,-0.0,evgrowth
HD Truck,Plug-in hybrid,2035,11570.0,10180.0,-0.0,evgrowth
HD Truck,Plug-in hybrid,2040,11570.0,0.0,-0.0,evgrowth
HD Truck,Plug-in hybrid,2045,12070.0,650.0,-150.0,evgrowth
HD Truck,Plug-in hybrid,2050,13360.0,2530.0,-1240.0,evgrowth
LD Car,BEV (150-mile AER),2025,330000.0,269320.0,-0.0,evgrowth
LD Car,BEV (150-mile AER),2030,1800150.0,1473780.0,-3640.0,evgrowth
LD Car,BEV (150-mile AER),2035,4408140.0,2665040.0,-57050.0,evgrowth
LD Car,BEV (150-mile AER),2040,6403210.0,2264390.0,-269320.0,evgrowth
LD Car,BEV (150-mile AER),2045,7092220.0,2162790.0,-1473780.0,evgrowth
LD Car,BEV (150-mile AER),2050,7502000.0,3074820.0,-2665040.0,evgrowth
LD Car,BEV (200-mile AER),2025,50.0,20.0,-0.0,evgrowth
LD Car,BEV (200-mile AER),2030,70.0,30.0,-0.0,evgrowth
LD Car,BEV (200-mile AER),2035,70.0,30.0,-30.0,evgrowth
LD Car,BEV (200-mile AER),2040,90.0,40.0,-20.0,evgrowth
LD Car,BEV (200-mile AER),2045,120.0,50.0,-30.0,evgrowth
LD Car,BEV (200-mile AER),2050,160.0,70.0,-30.0,evgrowth
LD Car,BEV (300-mile AER),2025,20.0,10.0,-0.0,evgrowth
LD Car,BEV (300-mile AER),2030,20.0,10.0,-0.0,evgrowth
LD Car,BEV (300-mile AER),2035,20.0,10.0,-10.0,evgrowth
LD Car,BEV (300-mile AER),2040,30.0,10.0,-10.0,evgrowth
LD Car,BEV (300-mile AER),2045,40.0,20.0,-10.0,evgrowth
LD Car,BEV (300-mile AER),2050,50.0,20.0,-10.0,evgrowth
LD Car,BEV (400-mile AER),2025,10.0,0.0,-0.0,evgrowth
LD Car,BEV (400-mile AER),2030,10.0,0.0,-0.0,evgrowth
LD Car,BEV (400-mile AER),2035,10.0,10.0,-0.0,evgrowth
LD Car,BEV (400-mile AER),2040,20.0,10.0,-0.0,evgrowth
LD Car,BEV (400-mile AER),2045,20.0,10.0,-0.0,evgrowth
LD Car,BEV (400-mile AER),2050,30.0,10.0,-10.0,evgrowth
LD Car,Compressed NG,2025,4270.0,4270.0,-0.0,evgrowth
LD Car,Compressed NG,2030,4360.0,90.0,-0.0,evgrowth
LD Car,Compressed NG,2035,4440.0,80.0,-0.0,evgrowth
LD Car,Compressed NG,2040,170.0,0.0,-4270.0,evgrowth
LD Car,Compressed NG,2045,80.0,0.0,-90.0,evgrowth
LD Car,Compressed NG,2050,0.0,0.0,-80.0,evgrowth
LD Car,Diesel,2025,320930.0,276970.0,-18350.0,evgrowth
LD Car,Diesel,2030,286740.0,5950.0,-40150.0,evgrowth
LD Car,Diesel,2035,287810.0,4890.0,-3810.0,evgrowth
LD Car,Diesel,2040,11040.0,210.0,-276970.0,evgrowth
LD Car,Diesel,2045,5180.0,90.0,-5950.0,evgrowth
LD Car,Diesel,2050,300.0,10.0,-4890.0,evgrowth
LD Car,Fuel-cell electric,2025,4270.0,4270.0,-0.0,evgrowth
LD Car,Fuel-cell electric,2030,4360.0,90.0,-0.0,evgrowth
LD Car,Fuel-cell electric,2035,4440.0,80.0,-0.0,evgrowth
LD Car,Fuel-cell electric,2040,170.0,0.0,-4270.0,evgrowth
LD Car,Fuel-cell electric,2045,80.0,0.0,-90.0,evgrowth
LD Car,Fuel-cell electric,2050,0.0,0.0,-80.0,evgrowth
LD Car,Gasoline,2025,4313150.0,839910.0,-593420.0,evgrowth
LD Car,Gasoline,2030,2983610.0,27590.0,-1357130.0,evgrowth
LD Car,Gasoline,2035,882380.0,14870.0,-2116110.0,evgrowth
LD Car,Gasoline,2040,43250.0,790.0,-839910.0,evgrowth
LD Car,Gasoline,2045,15930.0,270.0,-27590.0,evgrowth
LD Car,Gasoline,2050,1070.0,20.0,-14870.0,evgrowth
LD Car,Hybrid,2025,528170.0,430040.0,-0.0,evgrowth
LD Car,Hybrid,2030,507220.0,9670.0,-30610.0,evgrowth
LD Car,Hybrid,2035,447300.0,7600.0,-67510.0,evgrowth
LD Car,Hybrid,2040,17590.0,330.0,-430040.0,evgrowth
LD Car,Hybrid,2045,8060.000000000001,140.0,-9670.0,evgrowth
LD Car,Hybrid,2050,480.0,10.0,-7600.0,evgrowth
LD Car,PHEV (35-mile AER),2025,142680.0,117260.0,-0.0,evgrowth
LD Car,PHEV (35-mile AER),2030,142520.0,2520.0,-2680.0,evgrowth
LD Car,PHEV (35-mile AER),2035,121840.0,2070.0,-22740.0,evgrowth
LD Car,PHEV (35-mile AER),2040,4680.0,90.0,-117260.0,evgrowth
LD Car,PHEV (35-mile AER),2045,2190.0,40.0,-2520.0,evgrowth
LD Car,PHEV (35-mile AER),2050,130.0,0.0,-2070.0,evgrowth
LD Car,PHEV (50-mile AER),2025,0.0,0.0,-0.0,evgrowth
LD Car,PHEV (50-mile AER),2030,10.0,0.0,-0.0,evgrowth
LD Car,PHEV (50-mile AER),2035,10.0,0.0,-0.0,evgrowth
LD Car,PHEV (50-mile AER),2040,0.0,0.0,-0.0,evgrowth
LD Car,PHEV (50-mile AER),2045,0.0,0.0,-0.0,evgrowth
LD Car,PHEV (50-mile AER),2050,0.0,0.0,-0.0,evgrowth
LD Truck,BEV (150-mile AER),2025,181810.0,153200.0,-0.0,evgrowth
LD Truck,BEV (150-mile AER),2030,1533650.0,1351840.0,-0.0,evgrowth
LD Truck,BEV (150-mile AER),2035,4159529.9999999995,2625880.0,-0.0,evgrowth
LD Truck,BEV (150-mile AER),2040,6513070.0,2382150.0,-28610.0,evgrowth
LD Truck,BEV (150-mile AER),2045,8446880.0,2087020.0,-153200.0,evgrowth
LD Truck,BEV (150-mile AER),2050,10204240.0,3109190.0,-1351840.0,evgrowth
LD Truck,BEV (200-mile AER),2025,100.0,50.0,-0.0,evgrowth
LD Truck,BEV (200-mile AER),2030,150.0,50.0,-0.0,evgrowth
LD Truck,BEV (200-mile AER),2035,220.0,60.0,-0.0,evgrowth
LD Truck,BEV (200-mile AER),2040,240.0,70.0,-50.0,evgrowth
LD Truck,BEV (200-mile AER),2045,270.0,80.0,-50.0,evgrowth
LD Truck,BEV (200-mile AER),2050,330.0,120.0,-50.0,evgrowth
LD Truck,BEV (300-mile AER),2025,4480.0,20.0,-0.0,evgrowth
LD Truck,BEV (300-mile AER),2030,4500.0,20.0,-0.0,evgrowth
LD Truck,BEV (300-mile AER),2035,4460.0,20.0,-70.0,evgrowth
LD Truck,BEV (300-mile AER),2040,90.0,20.0,-4390.0,evgrowth
LD Truck,BEV (300-mile AER),2045,100.0,30.0,-20.0,evgrowth
LD Truck,BEV (300-mile AER),2050,120.0,40.0,-20.0,evgrowth
LD Truck,BEV (400-mile AER),2025,20.0,10.0,-0.0,evgrowth
LD Truck,BEV (400-mile AER),2030,30.0,10.0,-0.0,evgrowth
LD Truck,BEV (400-mile AER),2035,40.0,10.0,0.0,evgrowth
LD Truck,BEV (400-mile AER),2040,40.0,10.0,-10.0,evgrowth
LD Truck,BEV (400-mile AER),2045,50.0,20.0,-10.0,evgrowth
LD Truck,BEV (400-mile AER),2050,60.0,20.0,-10.0,evgrowth
LD Truck,Compressed NG,2025,5260.0,5260.0,-0.0,evgrowth
LD Truck,Compressed NG,2030,5380.0,120.0,-0.0,evgrowth
LD Truck,Compressed NG,2035,5510.0,130.0,-0.0,evgrowth
LD Truck,Compressed NG,2040,5540.0,30.0,-0.0,evgrowth
LD Truck,Compressed NG,2045,280.0,0.0,-5260.0,evgrowth
LD Truck,Compressed NG,2050,160.0,0.0,-120.0,evgrowth
LD Truck,Diesel,2025,1200960.0,987870.0,-0.0,evgrowth
LD Truck,Diesel,2030,1191070.0,23960.0,-33850.0,evgrowth
LD Truck,Diesel,2035,1140500.0,24610.0,-75170.0,evgrowth
LD Truck,Diesel,2040,1042510.0,6080.0,-104060.0,evgrowth
LD Truck,Diesel,2045,55600.0,960.0,-987870.0,evgrowth
LD Truck,Diesel,2050,31970.0,330.0,-23960.0,evgrowth
LD Truck,Fuel-cell electric,2025,5260.0,5260.0,-0.0,evgrowth
LD Truck,Fuel-cell electric,2030,12010.0,6750.0,-0.0,evgrowth
LD Truck,Fuel-cell electric,2035,12390.0,380.0,-0.0,evgrowth
LD Truck,Fuel-cell electric,2040,12680.0,290.0,-0.0,evgrowth
LD Truck,Fuel-cell electric,2045,7490.0,70.0,-5260.0,evgrowth
LD Truck,Fuel-cell electric,2050,760.0,20.0,-6750.0,evgrowth
LD Truck,Gasoline,2025,4970900.0,8220.0,-0.0,evgrowth
LD Truck,Gasoline,2030,3978590.0,9230.0,-1001530.0,evgrowth
LD Truck,Gasoline,2035,2424010.0,4090.0,-1558670.0,evgrowth
LD Truck,Gasoline,2040,21950.0,420.0,-2402480.0,evgrowth
LD Truck,Gasoline,2045,13910.0,180.0,-8220.0,evgrowth
LD Truck,Gasoline,2050,4730.0,40.0,-9230.0,evgrowth
LD Truck,Hybrid,2025,501970.0,408950.0,-0.0,evgrowth
LD Truck,Hybrid,2030,659320.0,157350.0,-0.0,evgrowth
LD Truck,Hybrid,2035,671080.0,15110.0,-3350.0,evgrowth
LD Truck,Hybrid,2040,589380.0,7970.0,-89660.0,evgrowth
LD Truck,Hybrid,2045,182290.0,1860.0,-408950.0,evgrowth
LD Truck,Hybrid,2050,25360.0,420.0,-157350.0,evgrowth
LD Truck,PHEV (35-mile AER),2025,75610.0,62720.0,-0.0,evgrowth
LD Truck,PHEV (35-mile AER),2030,77120.0,1500.0,-0.0,evgrowth
LD Truck,PHEV (35-mile AER),2035,78480.0,1450.0,-80.0,evgrowth
LD Truck,PHEV (35-mile AER),2040,66010.0,340.0,-12810.0,evgrowth
LD Truck,PHEV (35-mile AER),2045,3340.0,50.0,-62720.0,evgrowth
LD Truck,PHEV (35-mile AER),2050,1850.0,20.0,-1500.0,evgrowth
LD Truck,PHEV (50-mile AER),2025,0.0,0.0,-0.0,evgrowth
LD Truck,PHEV (50-mile AER),2030,69640.0,69640.0,-0.0,evgrowth
LD Truck,PHEV (50-mile AER),2035,207260.0,137620.0,-0.0,evgrowth
LD Truck,PHEV (50-mile AER),2040,215100.0,7840.0,-0.0,evgrowth
LD Truck,PHEV (50-mile AER),2045,221130.0,6030.0,-0.0,evgrowth
LD Truck,PHEV (50-mile AER),2050,153060.0,1570.0,-69640.0,evgrowth
MD Truck,Battery electric,2025,610.0,580.0,-0.0,evgrowth
MD Truck,Battery electric,2030,5460.0,4850.0,-0.0,evgrowth
MD Truck,Battery electric,2035,45440.0,39980.0,-0.0,evgrowth
MD Truck,Battery electric,2040,255790.0,210380.0,-30.0,evgrowth
MD Truck,Battery electric,2045,379240.0,124020.0,-580.0,evgrowth
MD Truck,Battery electric,2050,551980.0,177590.0,-4850.0,evgrowth
MD Truck,Diesel,2025,245350.0,630.0,-12080.0,evgrowth
MD Truck,Diesel,2030,199330.0,680.0,-46700.0,evgrowth
MD Truck,Diesel,2035,137660.0,570.0,-62240.0,evgrowth
MD Truck,Diesel,2040,1920.0,50.0,-135780.0,evgrowth
MD Truck,Diesel,2045,1320.0,30.0,-630.0,evgrowth
MD Truck,Diesel,2050,650.0,10.0,-680.0,evgrowth
MD Truck,Fuel-cell electric,2025,420.0,420.0,-0.0,evgrowth
MD Truck,Fuel-cell electric,2030,3900.0,3480.0,-0.0,evgrowth
MD Truck,Fuel-cell electric,2035,32560.000000000004,28670.0,-0.0,evgrowth
MD Truck,Fuel-cell electric,2040,33490.0,920.0,-0.0,evgrowth
MD Truck,Fuel-cell electric,2045,33970.0,900.0,-420.0,evgrowth
MD Truck,Fuel-cell electric,2050,31030.0,540.0,-3480.0,evgrowth
MD Truck,Gasoline,2025,248700.0,80910.0,-8050.000000000001,evgrowth
MD Truck,Gasoline,2030,314430.0,96860.0,-31140.0,evgrowth
MD Truck,Gasoline,2035,326270.0,53330.0,-41490.0,evgrowth
MD Truck,Gasoline,2040,239620.0,8520.0,-95160.0,evgrowth
MD Truck,Gasoline,2045,163850.0,5140.0,-80910.0,evgrowth
MD Truck,Gasoline,2050,68950.0,1960.0,-96860.0,evgrowth
MD Truck,Hybrid,2025,420.0,420.0,-0.0,evgrowth
MD Truck,Hybrid,2030,3900.0,3480.0,-0.0,evgrowth
MD Truck,Hybrid,2035,32560.000000000004,28670.0,-0.0,evgrowth
MD Truck,Hybrid,2040,33490.0,920.0,-0.0,evgrowth
MD Truck,Hybrid,2045,33960.0,890.0,-420.0,evgrowth
MD Truck,Hybrid,2050,31020.0,540.0,-3480.0,evgrowth
MD Truck,Plug-in hybrid,2025,420.0,420.0,-0.0,evgrowth
MD Truck,Plug-in hybrid,2030,3900.0,3480.0,-0.0,evgrowth
MD Truck,Plug-in hybrid,2035,32560.000000000004,28670.0,-0.0,evgrowth
MD Truck,Plug-in hybrid,2040,33490.0,920.0,0.0,evgrowth
MD Truck,Plug-in hybrid,2045,33970.0,900.0,-420.0,evgrowth
MD Truck,Plug-in hybrid,2050,31030.0,540.0,-3480.0,evgrowth
