id,region,year,policy,swb,ccs,hyd,oil,dac,lul,value
864,on,2030,legislated,ref,ref,ref,ref,no,high,-3.115394895
866,on,2030,legislated,low,ref,ref,ref,no,high,-4.712901188
868,on,2030,legislated,low,ref,ref,ref,yes,high,-4.712901188
870,on,2030,legislated,low,high,ref,low,yes,high,-5.370181404
872,on,2030,legislated,high,high,ref,low,yes,high,-2.707780204
874,on,2030,legislated,ref,high,low,low,yes,high,-4.024565526
876,on,2030,legislated,low,high,low,low,yes,high,-5.363578174
878,on,2030,legislated,high,high,low,low,yes,high,-2.70590203
880,on,2030,legislated,ref,high,high,low,yes,high,-4.039132101
882,on,2030,legislated,low,high,high,low,yes,high,-5.360919964
884,on,2030,legislated,high,high,high,low,yes,high,-2.703917753
886,on,2030,legislated,high,ref,ref,ref,yes,high,-1.541320542
888,on,2030,legislated,ref,ref,low,ref,yes,high,-3.108368353
890,on,2030,legislated,low,ref,low,ref,yes,high,-4.70738173
892,on,2030,legislated,high,ref,low,ref,yes,high,-1.535176916
894,on,2030,legislated,ref,ref,high,ref,yes,high,-3.117838933
896,on,2030,legislated,low,ref,high,ref,yes,high,-4.715959847
898,on,2030,legislated,high,ref,high,ref,yes,high,-1.541931562
900,on,2030,legislated,ref,low,ref,ref,no,high,-3.101704513
902,on,2030,legislated,low,low,ref,ref,no,high,-4.700637742
904,on,2030,legislated,high,ref,ref,ref,no,high,-1.541320542
906,on,2030,legislated,high,low,ref,ref,no,high,-1.891691446
908,on,2030,legislated,ref,low,low,ref,no,high,-3.095208323
910,on,2030,legislated,low,low,low,ref,no,high,-4.694306547
912,on,2030,legislated,high,low,low,ref,no,high,-1.848390897
914,on,2030,legislated,ref,low,high,ref,no,high,-3.103895897
916,on,2030,legislated,low,low,high,ref,no,high,-4.702218354
918,on,2030,legislated,high,low,high,ref,no,high,-1.913127439
920,on,2030,legislated,ref,low,ref,ref,yes,high,-3.101704513
922,on,2030,legislated,low,low,ref,ref,yes,high,-4.700637742
924,on,2030,legislated,high,low,ref,ref,yes,high,-1.891691446
926,on,2030,legislated,ref,ref,low,ref,no,high,-3.108368353
928,on,2030,legislated,ref,low,low,ref,yes,high,-3.095208323
930,on,2030,legislated,low,low,low,ref,yes,high,-4.694306547
932,on,2030,legislated,high,low,low,ref,yes,high,-1.848390897
934,on,2030,legislated,ref,low,high,ref,yes,high,-3.103895897
936,on,2030,legislated,low,low,high,ref,yes,high,-4.702218354
938,on,2030,legislated,high,low,high,ref,yes,high,-1.913127439
940,on,2030,legislated,ref,high,ref,ref,no,high,-3.170421967
942,on,2030,legislated,low,high,ref,ref,no,high,-4.709834777
944,on,2030,legislated,high,high,ref,ref,no,high,-1.57196213
946,on,2030,legislated,ref,high,low,ref,no,high,-3.151108823
948,on,2030,legislated,low,ref,low,ref,no,high,-4.70738173
950,on,2030,legislated,low,high,low,ref,no,high,-4.712158416
952,on,2030,legislated,high,high,low,ref,no,high,-1.570348506
954,on,2030,legislated,ref,high,high,ref,no,high,-3.177457409
956,on,2030,legislated,low,high,high,ref,no,high,-4.719858219
958,on,2030,legislated,high,high,high,ref,no,high,-1.572918768
960,on,2030,legislated,ref,high,ref,ref,yes,high,-3.170421967
962,on,2030,legislated,low,high,ref,ref,yes,high,-4.709834777
964,on,2030,legislated,high,high,ref,ref,yes,high,-1.57196213
966,on,2030,legislated,ref,high,low,ref,yes,high,-3.151108823
968,on,2030,legislated,low,high,low,ref,yes,high,-4.712158416
970,on,2030,legislated,high,ref,low,ref,no,high,-1.535176916
972,on,2030,legislated,high,high,low,ref,yes,high,-1.570348506
974,on,2030,legislated,ref,high,high,ref,yes,high,-3.177457409
976,on,2030,legislated,low,high,high,ref,yes,high,-4.719858219
978,on,2030,legislated,high,high,high,ref,yes,high,-1.572918768
980,on,2030,legislated,ref,ref,ref,low,no,high,-4.029220183
982,on,2030,legislated,low,ref,ref,low,no,high,-5.358030489
984,on,2030,legislated,high,ref,ref,low,no,high,-2.650076649
986,on,2030,legislated,ref,ref,low,low,no,high,-4.011988666
988,on,2030,legislated,low,ref,low,low,no,high,-5.337078918
990,on,2030,legislated,high,ref,low,low,no,high,-2.646813985
992,on,2030,legislated,ref,ref,high,ref,no,high,-3.117838933
994,on,2030,legislated,ref,ref,high,low,no,high,-4.034069405
996,on,2030,legislated,low,ref,high,low,no,high,-5.355672863
998,on,2030,legislated,high,ref,high,low,no,high,-2.647454855
1000,on,2030,legislated,ref,ref,ref,low,yes,high,-4.029220183
1002,on,2030,legislated,low,ref,ref,low,yes,high,-5.358030489
1004,on,2030,legislated,high,ref,ref,low,yes,high,-2.650076649
1006,on,2030,legislated,ref,ref,low,low,yes,high,-4.011988666
1008,on,2030,legislated,low,ref,low,low,yes,high,-5.337078918
1010,on,2030,legislated,high,ref,low,low,yes,high,-2.646813985
1012,on,2030,legislated,ref,ref,high,low,yes,high,-4.034069405
1014,on,2030,legislated,low,ref,high,ref,no,high,-4.715959847
1016,on,2030,legislated,low,ref,high,low,yes,high,-5.355672863
1018,on,2030,legislated,high,ref,high,low,yes,high,-2.647454855
1020,on,2030,legislated,ref,low,ref,low,no,high,-3.823706344
1022,on,2030,legislated,low,low,ref,low,no,high,-5.344907143
1024,on,2030,legislated,high,low,ref,low,no,high,-2.340759656
1026,on,2030,legislated,ref,low,low,low,no,high,-3.807657754
1028,on,2030,legislated,low,low,low,low,no,high,-5.340466935
1030,on,2030,legislated,high,low,low,low,no,high,-2.339577252
1032,on,2030,legislated,ref,low,high,low,no,high,-3.826976289
1034,on,2030,legislated,low,low,high,low,no,high,-5.348077761
1036,on,2030,legislated,high,ref,high,ref,no,high,-1.541931562
1038,on,2030,legislated,high,low,high,low,no,high,-2.381735527
1040,on,2030,legislated,ref,low,ref,low,yes,high,-3.823706344
1042,on,2030,legislated,low,low,ref,low,yes,high,-5.344907143
1044,on,2030,legislated,high,low,ref,low,yes,high,-2.340759656
1046,on,2030,legislated,ref,low,low,low,yes,high,-3.807657754
1048,on,2030,legislated,low,low,low,low,yes,high,-5.340466935
1050,on,2030,legislated,high,low,low,low,yes,high,-2.339577252
1052,on,2030,legislated,ref,low,high,low,yes,high,-3.826976289
1054,on,2030,legislated,low,low,high,low,yes,high,-5.348077761
1056,on,2030,legislated,high,low,high,low,yes,high,-2.381735527
1058,on,2030,legislated,ref,ref,ref,ref,yes,high,-3.115394895
1060,on,2030,legislated,ref,high,ref,low,no,high,-4.042854044
1062,on,2030,legislated,low,high,ref,low,no,high,-5.370181404
1064,on,2030,legislated,high,high,ref,low,no,high,-2.707780204
1066,on,2030,legislated,ref,high,low,low,no,high,-4.024565526
1068,on,2030,legislated,low,high,low,low,no,high,-5.363578174
1070,on,2030,legislated,high,high,low,low,no,high,-2.70590203
1072,on,2030,legislated,ref,high,high,low,no,high,-4.039132101
1074,on,2030,legislated,low,high,high,low,no,high,-5.360919964
1076,on,2030,legislated,high,high,high,low,no,high,-2.703917753
1078,on,2030,legislated,ref,high,ref,low,yes,high,-4.042854044
2592,on,2030,netzero,ref,ref,ref,ref,no,high,-11.74127308
2594,on,2030,netzero,low,ref,ref,ref,no,high,-12.47936819
2596,on,2030,netzero,low,ref,ref,ref,yes,high,-12.47829084
2598,on,2030,netzero,low,high,ref,low,yes,high,-7.119677881
2600,on,2030,netzero,high,high,ref,low,yes,high,-3.88035063
2602,on,2030,netzero,ref,high,low,low,yes,high,-6.024747716
2604,on,2030,netzero,low,high,low,low,yes,high,-7.110361358
2606,on,2030,netzero,high,high,low,low,yes,high,-3.864755029
2608,on,2030,netzero,ref,high,high,low,yes,high,-6.03377781
2610,on,2030,netzero,low,high,high,low,yes,high,-7.122459759
2612,on,2030,netzero,high,high,high,low,yes,high,-3.887050712
2614,on,2030,netzero,high,ref,ref,ref,yes,high,-11.03103579
2616,on,2030,netzero,ref,ref,low,ref,yes,high,-11.51392768
2618,on,2030,netzero,low,ref,low,ref,yes,high,-12.46632277
2620,on,2030,netzero,high,ref,low,ref,yes,high,-11.01954583
2622,on,2030,netzero,ref,ref,high,ref,yes,high,-11.74361584
2624,on,2030,netzero,low,ref,high,ref,yes,high,-12.47589227
2626,on,2030,netzero,high,ref,high,ref,yes,high,-11.0362236
2628,on,2030,netzero,ref,low,ref,ref,no,high,-11.45461509
2630,on,2030,netzero,low,low,ref,ref,no,high,-12.12069386
2632,on,2030,netzero,high,ref,ref,ref,no,high,-11.03303167
2634,on,2030,netzero,high,low,ref,ref,no,high,-10.00461877
2636,on,2030,netzero,ref,low,low,ref,no,high,-11.31063226
2638,on,2030,netzero,low,low,low,ref,no,high,-12.1188012
2640,on,2030,netzero,high,low,low,ref,no,high,-10.15692305
2642,on,2030,netzero,ref,low,high,ref,no,high,-11.1709193
2644,on,2030,netzero,low,low,high,ref,no,high,-12.11641211
2646,on,2030,netzero,high,low,high,ref,no,high,-10.17246499
2648,on,2030,netzero,ref,low,ref,ref,yes,high,-11.21123682
2650,on,2030,netzero,low,low,ref,ref,yes,high,-12.12147311
2652,on,2030,netzero,high,low,ref,ref,yes,high,-10.16849133
2654,on,2030,netzero,ref,ref,low,ref,no,high,-11.72228871
2656,on,2030,netzero,ref,low,low,ref,yes,high,-11.44584782
2658,on,2030,netzero,low,low,low,ref,yes,high,-12.11338125
2660,on,2030,netzero,high,low,low,ref,yes,high,-10.1574049
2662,on,2030,netzero,ref,low,high,ref,yes,high,-11.45750659
2664,on,2030,netzero,low,low,high,ref,yes,high,-12.13576141
2666,on,2030,netzero,high,low,high,ref,yes,high,-10.17281813
2668,on,2030,netzero,ref,high,ref,ref,no,high,-12.33033298
2670,on,2030,netzero,low,high,ref,ref,no,high,-12.5652065
2672,on,2030,netzero,high,high,ref,ref,no,high,-11.15986369
2674,on,2030,netzero,ref,high,low,ref,no,high,-12.01120205
2676,on,2030,netzero,low,ref,low,ref,no,high,-12.46267023
2678,on,2030,netzero,low,high,low,ref,no,high,-12.5593858
2680,on,2030,netzero,high,high,low,ref,no,high,-10.97136456
2682,on,2030,netzero,ref,high,high,ref,no,high,-12.36770982
2684,on,2030,netzero,low,high,high,ref,no,high,-12.54773833
2686,on,2030,netzero,high,high,high,ref,no,high,-11.16602517
2688,on,2030,netzero,ref,high,ref,ref,yes,high,-12.33225748
2690,on,2030,netzero,low,high,ref,ref,yes,high,-12.56522511
2692,on,2030,netzero,high,high,ref,ref,yes,high,-11.05108309
2694,on,2030,netzero,ref,high,low,ref,yes,high,-12.28988731
2696,on,2030,netzero,low,high,low,ref,yes,high,-12.55565339
2698,on,2030,netzero,high,ref,low,ref,no,high,-10.85566134
2700,on,2030,netzero,high,high,low,ref,yes,high,-11.14305672
2702,on,2030,netzero,ref,high,high,ref,yes,high,-12.36766186
2704,on,2030,netzero,low,high,high,ref,yes,high,-12.56768117
2706,on,2030,netzero,high,high,high,ref,yes,high,-11.16628682
2708,on,2030,netzero,ref,ref,ref,low,no,high,-5.762783181
2710,on,2030,netzero,low,ref,ref,low,no,high,-6.517686992
2712,on,2030,netzero,high,ref,ref,low,no,high,-3.268479618
2714,on,2030,netzero,ref,ref,low,low,no,high,-5.730991852
2716,on,2030,netzero,low,ref,low,low,no,high,-6.49156123
2718,on,2030,netzero,high,ref,low,low,no,high,-3.253315951
2720,on,2030,netzero,ref,ref,high,ref,no,high,-11.53496444
2722,on,2030,netzero,ref,ref,high,low,no,high,-5.768540608
2724,on,2030,netzero,low,ref,high,low,no,high,-6.528698631
2726,on,2030,netzero,high,ref,high,low,no,high,-3.270998657
2728,on,2030,netzero,ref,ref,ref,low,yes,high,-5.765262604
2730,on,2030,netzero,low,ref,ref,low,yes,high,-6.517725316
2732,on,2030,netzero,high,ref,ref,low,yes,high,-3.268078839
2734,on,2030,netzero,ref,ref,low,low,yes,high,-5.726260567
2736,on,2030,netzero,low,ref,low,low,yes,high,-6.493114133
2738,on,2030,netzero,high,ref,low,low,yes,high,-3.232507264
2740,on,2030,netzero,ref,ref,high,low,yes,high,-5.766726464
2742,on,2030,netzero,low,ref,high,ref,no,high,-12.47588383
2744,on,2030,netzero,low,ref,high,low,yes,high,-6.529218155
2746,on,2030,netzero,high,ref,high,low,yes,high,-3.291133156
2748,on,2030,netzero,ref,low,ref,low,no,high,-4.599259257
2750,on,2030,netzero,low,low,ref,low,no,high,-5.861990175
2752,on,2030,netzero,high,low,ref,low,no,high,-2.576171021
2754,on,2030,netzero,ref,low,low,low,no,high,-4.541621903
2756,on,2030,netzero,low,low,low,low,no,high,-5.807924833
2758,on,2030,netzero,high,low,low,low,no,high,-2.54248882
2760,on,2030,netzero,ref,low,high,low,no,high,-4.599850958
2762,on,2030,netzero,low,low,high,low,no,high,-5.852475711
2764,on,2030,netzero,high,ref,high,ref,no,high,-11.03449197
2766,on,2030,netzero,high,low,high,low,no,high,-2.592595848
2768,on,2030,netzero,ref,low,ref,low,yes,high,-4.602439622
2770,on,2030,netzero,low,low,ref,low,yes,high,-5.848909236
2772,on,2030,netzero,high,low,ref,low,yes,high,-2.563632049
2774,on,2030,netzero,ref,low,low,low,yes,high,-4.54844265
2776,on,2030,netzero,low,low,low,low,yes,high,-5.819331329
2778,on,2030,netzero,high,low,low,low,yes,high,-2.544733226
2780,on,2030,netzero,ref,low,high,low,yes,high,-4.626865734
2782,on,2030,netzero,low,low,high,low,yes,high,-5.873402268
2784,on,2030,netzero,high,low,high,low,yes,high,-2.602952088
2786,on,2030,netzero,ref,ref,ref,ref,yes,high,-11.54195059
2788,on,2030,netzero,ref,high,ref,low,no,high,-6.047197822
2790,on,2030,netzero,low,high,ref,low,no,high,-7.110316107
2792,on,2030,netzero,high,high,ref,low,no,high,-3.88166963
2794,on,2030,netzero,ref,high,low,low,no,high,-6.007583638
2796,on,2030,netzero,low,high,low,low,no,high,-7.107318505
2798,on,2030,netzero,high,high,low,low,no,high,-3.857813963
2800,on,2030,netzero,ref,high,high,low,no,high,-6.039933003
2802,on,2030,netzero,low,high,high,low,no,high,-7.124307085
2804,on,2030,netzero,high,high,high,low,no,high,-3.887527212
2806,on,2030,netzero,ref,high,ref,low,yes,high,-6.031704038
4320,on,2030,netzero,ref,ref,ref,ref,no,low,-11.74127308
4322,on,2030,netzero,low,ref,ref,ref,no,low,-12.47936819
4324,on,2030,netzero,low,ref,ref,ref,yes,low,-12.47829084
4326,on,2030,netzero,low,high,ref,low,yes,low,-7.119677881
4328,on,2030,netzero,high,high,ref,low,yes,low,-3.88035063
4330,on,2030,netzero,ref,high,low,low,yes,low,-6.024747716
4332,on,2030,netzero,low,high,low,low,yes,low,-7.110361358
4334,on,2030,netzero,high,high,low,low,yes,low,-3.864755029
4336,on,2030,netzero,ref,high,high,low,yes,low,-6.036456506
4338,on,2030,netzero,low,high,high,low,yes,low,-7.122459759
4340,on,2030,netzero,high,high,high,low,yes,low,-3.887050712
4342,on,2030,netzero,high,ref,ref,ref,yes,low,-11.03103579
4344,on,2030,netzero,ref,ref,low,ref,yes,low,-11.51392768
4346,on,2030,netzero,low,ref,low,ref,yes,low,-12.46632277
4348,on,2030,netzero,high,ref,low,ref,yes,low,-11.01954583
4350,on,2030,netzero,ref,ref,high,ref,yes,low,-11.74361584
4352,on,2030,netzero,low,ref,high,ref,yes,low,-12.47589227
4354,on,2030,netzero,high,ref,high,ref,yes,low,-11.0362236
4356,on,2030,netzero,ref,low,ref,ref,no,low,-11.45461509
4358,on,2030,netzero,low,low,ref,ref,no,low,-12.12069386
4360,on,2030,netzero,high,ref,ref,ref,no,low,-10.868324
4362,on,2030,netzero,high,low,ref,ref,no,low,-10.00461877
4364,on,2030,netzero,ref,low,low,ref,no,low,-11.31063226
4366,on,2030,netzero,low,low,low,ref,no,low,-12.1188012
4368,on,2030,netzero,high,low,low,ref,no,low,-10.15692305
4370,on,2030,netzero,ref,low,high,ref,no,low,-11.1709193
4372,on,2030,netzero,low,low,high,ref,no,low,-12.11641211
4374,on,2030,netzero,high,low,high,ref,no,low,-10.17246499
4376,on,2030,netzero,ref,low,ref,ref,yes,low,-11.21123682
4378,on,2030,netzero,low,low,ref,ref,yes,low,-12.12147311
4380,on,2030,netzero,high,low,ref,ref,yes,low,-10.16849133
4382,on,2030,netzero,ref,ref,low,ref,no,low,-11.72228871
4384,on,2030,netzero,ref,low,low,ref,yes,low,-11.44584782
4386,on,2030,netzero,low,low,low,ref,yes,low,-12.11338125
4388,on,2030,netzero,high,low,low,ref,yes,low,-10.1574049
4390,on,2030,netzero,ref,low,high,ref,yes,low,-11.45750659
4392,on,2030,netzero,low,low,high,ref,yes,low,-12.13576141
4394,on,2030,netzero,high,low,high,ref,yes,low,-10.17281813
4396,on,2030,netzero,ref,high,ref,ref,no,low,-12.33033298
4398,on,2030,netzero,low,high,ref,ref,no,low,-12.5652065
4400,on,2030,netzero,high,high,ref,ref,no,low,-11.15986369
4402,on,2030,netzero,ref,high,low,ref,no,low,-12.01120205
4404,on,2030,netzero,low,ref,low,ref,no,low,-12.46267023
4406,on,2030,netzero,low,high,low,ref,no,low,-12.5593858
4408,on,2030,netzero,high,high,low,ref,no,low,-11.15808333
4410,on,2030,netzero,ref,high,high,ref,no,low,-12.36770982
4412,on,2030,netzero,low,high,high,ref,no,low,-12.54773833
4414,on,2030,netzero,high,high,high,ref,no,low,-11.16602517
4416,on,2030,netzero,ref,high,ref,ref,yes,low,-12.33225748
4418,on,2030,netzero,low,high,ref,ref,yes,low,-12.56522511
4420,on,2030,netzero,high,high,ref,ref,yes,low,-11.05108309
4422,on,2030,netzero,ref,high,low,ref,yes,low,-12.28988731
4424,on,2030,netzero,low,high,low,ref,yes,low,-12.55565339
4426,on,2030,netzero,high,ref,low,ref,no,low,-10.85566134
4428,on,2030,netzero,high,high,low,ref,yes,low,-11.14305672
4430,on,2030,netzero,ref,high,high,ref,yes,low,-12.36766186
4432,on,2030,netzero,low,high,high,ref,yes,low,-12.56768117
4434,on,2030,netzero,high,high,high,ref,yes,low,-11.16628682
4436,on,2030,netzero,ref,ref,ref,low,no,low,-5.762783181
4438,on,2030,netzero,low,ref,ref,low,no,low,-6.517686992
4440,on,2030,netzero,high,ref,ref,low,no,low,-3.268479618
4442,on,2030,netzero,ref,ref,low,low,no,low,-5.730991852
4444,on,2030,netzero,low,ref,low,low,no,low,-6.49156123
4446,on,2030,netzero,high,ref,low,low,no,low,-3.253315951
4448,on,2030,netzero,ref,ref,high,ref,no,low,-11.53496444
4450,on,2030,netzero,ref,ref,high,low,no,low,-5.768540608
4452,on,2030,netzero,low,ref,high,low,no,low,-6.528698631
4454,on,2030,netzero,high,ref,high,low,no,low,-3.270998657
4456,on,2030,netzero,ref,ref,ref,low,yes,low,-5.765262604
4458,on,2030,netzero,low,ref,ref,low,yes,low,-6.517725316
4460,on,2030,netzero,high,ref,ref,low,yes,low,-3.268078839
4462,on,2030,netzero,ref,ref,low,low,yes,low,-5.726260567
4464,on,2030,netzero,low,ref,low,low,yes,low,-6.493114133
4466,on,2030,netzero,high,ref,low,low,yes,low,-3.232507264
4468,on,2030,netzero,ref,ref,high,low,yes,low,-5.766726464
4470,on,2030,netzero,low,ref,high,ref,no,low,-12.47588383
4472,on,2030,netzero,low,ref,high,low,yes,low,-6.529218155
4474,on,2030,netzero,high,ref,high,low,yes,low,-3.291133156
4476,on,2030,netzero,ref,low,ref,low,no,low,-4.599259257
4478,on,2030,netzero,low,low,ref,low,no,low,-5.861990175
4480,on,2030,netzero,high,low,ref,low,no,low,-2.576171021
4482,on,2030,netzero,ref,low,low,low,no,low,-4.541621903
4484,on,2030,netzero,low,low,low,low,no,low,-5.807924833
4486,on,2030,netzero,high,low,low,low,no,low,-2.54248882
4488,on,2030,netzero,ref,low,high,low,no,low,-4.599850958
4490,on,2030,netzero,low,low,high,low,no,low,-5.852475711
4492,on,2030,netzero,high,ref,high,ref,no,low,-11.03449197
4494,on,2030,netzero,high,low,high,low,no,low,-2.592595848
4496,on,2030,netzero,ref,low,ref,low,yes,low,-4.602439622
4498,on,2030,netzero,low,low,ref,low,yes,low,-5.848909236
4500,on,2030,netzero,high,low,ref,low,yes,low,-2.563632049
4502,on,2030,netzero,ref,low,low,low,yes,low,-4.54844265
4504,on,2030,netzero,low,low,low,low,yes,low,-5.819331329
4506,on,2030,netzero,high,low,low,low,yes,low,-2.544733226
4508,on,2030,netzero,ref,low,high,low,yes,low,-4.626865734
4510,on,2030,netzero,low,low,high,low,yes,low,-5.873402268
4512,on,2030,netzero,high,low,high,low,yes,low,-2.602952088
4514,on,2030,netzero,ref,ref,ref,ref,yes,low,-11.54195059
4516,on,2030,netzero,ref,high,ref,low,no,low,-6.047197822
4518,on,2030,netzero,low,high,ref,low,no,low,-7.110316107
4520,on,2030,netzero,high,high,ref,low,no,low,-3.88166963
4522,on,2030,netzero,ref,high,low,low,no,low,-6.007583638
4524,on,2030,netzero,low,high,low,low,no,low,-7.107318505
4526,on,2030,netzero,high,high,low,low,no,low,-3.857813963
4528,on,2030,netzero,ref,high,high,low,no,low,-6.039933003
4530,on,2030,netzero,low,high,high,low,no,low,-7.124307085
4532,on,2030,netzero,high,high,high,low,no,low,-3.887594958
4534,on,2030,netzero,ref,high,ref,low,yes,low,-6.047035559
865,on,2050,legislated,ref,ref,ref,ref,no,high,13.74866245
867,on,2050,legislated,low,ref,ref,ref,no,high,9.881920498
869,on,2050,legislated,low,ref,ref,ref,yes,high,9.881920498
871,on,2050,legislated,low,high,ref,low,yes,high,11.14455686
873,on,2050,legislated,high,high,ref,low,yes,high,21.87398955
875,on,2050,legislated,ref,high,low,low,yes,high,15.19055147
877,on,2050,legislated,low,high,low,low,yes,high,11.41985799
879,on,2050,legislated,high,high,low,low,yes,high,21.9531399
881,on,2050,legislated,ref,high,high,low,yes,high,14.97743648
883,on,2050,legislated,low,high,high,low,yes,high,11.08485553
885,on,2050,legislated,high,high,high,low,yes,high,21.79137691
887,on,2050,legislated,high,ref,ref,ref,yes,high,20.32347019
889,on,2050,legislated,ref,ref,low,ref,yes,high,13.98828871
891,on,2050,legislated,low,ref,low,ref,yes,high,10.19863975
893,on,2050,legislated,high,ref,low,ref,yes,high,21.07117691
895,on,2050,legislated,ref,ref,high,ref,yes,high,13.71104068
897,on,2050,legislated,low,ref,high,ref,yes,high,9.880006904
899,on,2050,legislated,high,ref,high,ref,yes,high,20.23992914
901,on,2050,legislated,ref,low,ref,ref,no,high,13.71098512
903,on,2050,legislated,low,low,ref,ref,no,high,9.843116189
905,on,2050,legislated,high,ref,ref,ref,no,high,20.32347019
907,on,2050,legislated,high,low,ref,ref,no,high,20.19419455
909,on,2050,legislated,ref,low,low,ref,no,high,14.15568994
911,on,2050,legislated,low,low,low,ref,no,high,10.13767043
913,on,2050,legislated,high,low,low,ref,no,high,21.07735885
915,on,2050,legislated,ref,low,high,ref,no,high,13.63202017
917,on,2050,legislated,low,low,high,ref,no,high,9.827515211
919,on,2050,legislated,high,low,high,ref,no,high,20.39355294
921,on,2050,legislated,ref,low,ref,ref,yes,high,13.71098512
923,on,2050,legislated,low,low,ref,ref,yes,high,9.843116189
925,on,2050,legislated,high,low,ref,ref,yes,high,20.19419455
927,on,2050,legislated,ref,ref,low,ref,no,high,13.98828871
929,on,2050,legislated,ref,low,low,ref,yes,high,14.15568994
931,on,2050,legislated,low,low,low,ref,yes,high,10.13767043
933,on,2050,legislated,high,low,low,ref,yes,high,21.07735885
935,on,2050,legislated,ref,low,high,ref,yes,high,13.63202017
937,on,2050,legislated,low,low,high,ref,yes,high,9.827515211
939,on,2050,legislated,high,low,high,ref,yes,high,20.39355294
941,on,2050,legislated,ref,high,ref,ref,no,high,13.7231555
943,on,2050,legislated,low,high,ref,ref,no,high,9.852418012
945,on,2050,legislated,high,high,ref,ref,no,high,20.39695939
947,on,2050,legislated,ref,high,low,ref,no,high,14.02019364
949,on,2050,legislated,low,ref,low,ref,no,high,10.19863975
951,on,2050,legislated,low,high,low,ref,no,high,10.07629572
953,on,2050,legislated,high,high,low,ref,no,high,21.08330074
955,on,2050,legislated,ref,high,high,ref,no,high,13.6875126
957,on,2050,legislated,low,high,high,ref,no,high,9.77707335
959,on,2050,legislated,high,high,high,ref,no,high,20.2907601
961,on,2050,legislated,ref,high,ref,ref,yes,high,13.7231555
963,on,2050,legislated,low,high,ref,ref,yes,high,9.852418012
965,on,2050,legislated,high,high,ref,ref,yes,high,20.39695939
967,on,2050,legislated,ref,high,low,ref,yes,high,14.02019364
969,on,2050,legislated,low,high,low,ref,yes,high,10.07629572
971,on,2050,legislated,high,ref,low,ref,no,high,21.07117691
973,on,2050,legislated,high,high,low,ref,yes,high,21.08330074
975,on,2050,legislated,ref,high,high,ref,yes,high,13.6875126
977,on,2050,legislated,low,high,high,ref,yes,high,9.77707335
979,on,2050,legislated,high,high,high,ref,yes,high,20.2907601
981,on,2050,legislated,ref,ref,ref,low,no,high,15.00931241
983,on,2050,legislated,low,ref,ref,low,no,high,11.24944421
985,on,2050,legislated,high,ref,ref,low,no,high,21.85788855
987,on,2050,legislated,ref,ref,low,low,no,high,15.17784154
989,on,2050,legislated,low,ref,low,low,no,high,11.41791407
991,on,2050,legislated,high,ref,low,low,no,high,21.9512859
993,on,2050,legislated,ref,ref,high,ref,no,high,13.71104068
995,on,2050,legislated,ref,ref,high,low,no,high,14.95728261
997,on,2050,legislated,low,ref,high,low,no,high,11.19387814
999,on,2050,legislated,high,ref,high,low,no,high,21.74794969
1001,on,2050,legislated,ref,ref,ref,low,yes,high,15.00931241
1003,on,2050,legislated,low,ref,ref,low,yes,high,11.24944421
1005,on,2050,legislated,high,ref,ref,low,yes,high,21.85788855
1007,on,2050,legislated,ref,ref,low,low,yes,high,15.17784154
1009,on,2050,legislated,low,ref,low,low,yes,high,11.41791407
1011,on,2050,legislated,high,ref,low,low,yes,high,21.9512859
1013,on,2050,legislated,ref,ref,high,low,yes,high,14.95728261
1015,on,2050,legislated,low,ref,high,ref,no,high,9.880006904
1017,on,2050,legislated,low,ref,high,low,yes,high,11.19387814
1019,on,2050,legislated,high,ref,high,low,yes,high,21.74794969
1021,on,2050,legislated,ref,low,ref,low,no,high,14.99565579
1023,on,2050,legislated,low,low,ref,low,no,high,11.02997728
1025,on,2050,legislated,high,low,ref,low,no,high,21.42917226
1027,on,2050,legislated,ref,low,low,low,no,high,15.08879605
1029,on,2050,legislated,low,low,low,low,no,high,11.28961135
1031,on,2050,legislated,high,low,low,low,no,high,21.90262732
1033,on,2050,legislated,ref,low,high,low,no,high,14.90101901
1035,on,2050,legislated,low,low,high,low,no,high,10.99434996
1037,on,2050,legislated,high,ref,high,ref,no,high,20.23992914
1039,on,2050,legislated,high,low,high,low,no,high,21.27683755
1041,on,2050,legislated,ref,low,ref,low,yes,high,14.99565579
1043,on,2050,legislated,low,low,ref,low,yes,high,11.02997728
1045,on,2050,legislated,high,low,ref,low,yes,high,21.42917226
1047,on,2050,legislated,ref,low,low,low,yes,high,15.08879605
1049,on,2050,legislated,low,low,low,low,yes,high,11.28961135
1051,on,2050,legislated,high,low,low,low,yes,high,21.90262732
1053,on,2050,legislated,ref,low,high,low,yes,high,14.90101901
1055,on,2050,legislated,low,low,high,low,yes,high,10.99434996
1057,on,2050,legislated,high,low,high,low,yes,high,21.27683755
1059,on,2050,legislated,ref,ref,ref,ref,yes,high,13.74866245
1061,on,2050,legislated,ref,high,ref,low,no,high,15.03612816
1063,on,2050,legislated,low,high,ref,low,no,high,11.14455686
1065,on,2050,legislated,high,high,ref,low,no,high,21.87398955
1067,on,2050,legislated,ref,high,low,low,no,high,15.19055147
1069,on,2050,legislated,low,high,low,low,no,high,11.41985799
1071,on,2050,legislated,high,high,low,low,no,high,21.9531399
1073,on,2050,legislated,ref,high,high,low,no,high,14.97743648
1075,on,2050,legislated,low,high,high,low,no,high,11.08485553
1077,on,2050,legislated,high,high,high,low,no,high,21.79137691
1079,on,2050,legislated,ref,high,ref,low,yes,high,15.03612816
2593,on,2050,netzero,ref,ref,ref,ref,no,high,-13.28117822
2595,on,2050,netzero,low,ref,ref,ref,no,high,-13.25190355
2597,on,2050,netzero,low,ref,ref,ref,yes,high,-0.72102017
2599,on,2050,netzero,low,high,ref,low,yes,high,-0.219000099
2601,on,2050,netzero,high,high,ref,low,yes,high,7.205374833
2603,on,2050,netzero,ref,high,low,low,yes,high,3.259847115
2605,on,2050,netzero,low,high,low,low,yes,high,0.063762033
2607,on,2050,netzero,high,high,low,low,yes,high,7.565163786
2609,on,2050,netzero,ref,high,high,low,yes,high,2.877687705
2611,on,2050,netzero,low,high,high,low,yes,high,-0.289728172
2613,on,2050,netzero,high,high,high,low,yes,high,7.11673845
2615,on,2050,netzero,high,ref,ref,ref,yes,high,7.45372485
2617,on,2050,netzero,ref,ref,low,ref,yes,high,3.845054703
2619,on,2050,netzero,low,ref,low,ref,yes,high,-0.207538559
2621,on,2050,netzero,high,ref,low,ref,yes,high,7.821427483
2623,on,2050,netzero,ref,ref,high,ref,yes,high,2.679800016
2625,on,2050,netzero,low,ref,high,ref,yes,high,-1.020615988
2627,on,2050,netzero,high,ref,high,ref,yes,high,7.810072943
2629,on,2050,netzero,ref,low,ref,ref,no,high,-13.99350026
2631,on,2050,netzero,low,low,ref,ref,no,high,-11.16956854
2633,on,2050,netzero,high,ref,ref,ref,no,high,-13.62993175
2635,on,2050,netzero,high,low,ref,ref,no,high,-15.23518212
2637,on,2050,netzero,ref,low,low,ref,no,high,-12.96622185
2639,on,2050,netzero,low,low,low,ref,no,high,-10.27672606
2641,on,2050,netzero,high,low,low,ref,no,high,-10.83863123
2643,on,2050,netzero,ref,low,high,ref,no,high,-15.36856808
2645,on,2050,netzero,low,low,high,ref,no,high,-11.54627109
2647,on,2050,netzero,high,low,high,ref,no,high,-13.88551353
2649,on,2050,netzero,ref,low,ref,ref,yes,high,8.173972621
2651,on,2050,netzero,low,low,ref,ref,yes,high,0.846983429
2653,on,2050,netzero,high,low,ref,ref,yes,high,13.21678965
2655,on,2050,netzero,ref,ref,low,ref,no,high,-11.38716223
2657,on,2050,netzero,ref,low,low,ref,yes,high,8.166415724
2659,on,2050,netzero,low,low,low,ref,yes,high,1.37968954
2661,on,2050,netzero,high,low,low,ref,yes,high,14.44952172
2663,on,2050,netzero,ref,low,high,ref,yes,high,6.494997776
2665,on,2050,netzero,low,low,high,ref,yes,high,0.205565478
2667,on,2050,netzero,high,low,high,ref,yes,high,13.57070154
2669,on,2050,netzero,ref,high,ref,ref,no,high,-14.21417745
2671,on,2050,netzero,low,high,ref,ref,no,high,-15.79263295
2673,on,2050,netzero,high,high,ref,ref,no,high,-14.55482973
2675,on,2050,netzero,ref,high,low,ref,no,high,-12.87091568
2677,on,2050,netzero,low,ref,low,ref,no,high,-12.26079759
2679,on,2050,netzero,low,high,low,ref,no,high,-15.02657344
2681,on,2050,netzero,high,high,low,ref,no,high,-13.11327485
2683,on,2050,netzero,ref,high,high,ref,no,high,-14.85588071
2685,on,2050,netzero,low,high,high,ref,no,high,-16.01116918
2687,on,2050,netzero,high,high,high,ref,no,high,-15.78227699
2689,on,2050,netzero,ref,high,ref,ref,yes,high,2.916651114
2691,on,2050,netzero,low,high,ref,ref,yes,high,-0.522788214
2693,on,2050,netzero,high,high,ref,ref,yes,high,8.051471639
2695,on,2050,netzero,ref,high,low,ref,yes,high,3.521936005
2697,on,2050,netzero,low,high,low,ref,yes,high,-0.071702511
2699,on,2050,netzero,high,ref,low,ref,no,high,-12.32464186
2701,on,2050,netzero,high,high,low,ref,yes,high,7.81320126
2703,on,2050,netzero,ref,high,high,ref,yes,high,2.70969493
2705,on,2050,netzero,low,high,high,ref,yes,high,-0.644408862
2707,on,2050,netzero,high,high,high,ref,yes,high,7.437468775
2709,on,2050,netzero,ref,ref,ref,low,no,high,-14.97680165
2711,on,2050,netzero,low,ref,ref,low,no,high,-14.80443914
2713,on,2050,netzero,high,ref,ref,low,no,high,-16.09145449
2715,on,2050,netzero,ref,ref,low,low,no,high,-13.82625236
2717,on,2050,netzero,low,ref,low,low,no,high,-14.16333568
2719,on,2050,netzero,high,ref,low,low,no,high,-15.09333139
2721,on,2050,netzero,ref,ref,high,ref,no,high,-14.13997367
2723,on,2050,netzero,ref,ref,high,low,no,high,-15.61405742
2725,on,2050,netzero,low,ref,high,low,no,high,-15.5216766
2727,on,2050,netzero,high,ref,high,low,no,high,-17.19738594
2729,on,2050,netzero,ref,ref,ref,low,yes,high,3.01336832
2731,on,2050,netzero,low,ref,ref,low,yes,high,-0.315716822
2733,on,2050,netzero,high,ref,ref,low,yes,high,6.942224141
2735,on,2050,netzero,ref,ref,low,low,yes,high,3.25264334
2737,on,2050,netzero,low,ref,low,low,yes,high,0.027601425
2739,on,2050,netzero,high,ref,low,low,yes,high,7.2810941
2741,on,2050,netzero,ref,ref,high,low,yes,high,2.789024947
2743,on,2050,netzero,low,ref,high,ref,no,high,-13.94560543
2745,on,2050,netzero,low,ref,high,low,yes,high,-0.372383138
2747,on,2050,netzero,high,ref,high,low,yes,high,6.822341449
2749,on,2050,netzero,ref,low,ref,low,no,high,-13.75026887
2751,on,2050,netzero,low,low,ref,low,no,high,-13.73298207
2753,on,2050,netzero,high,low,ref,low,no,high,-15.00756636
2755,on,2050,netzero,ref,low,low,low,no,high,-12.65579224
2757,on,2050,netzero,low,low,low,low,no,high,-12.63137951
2759,on,2050,netzero,high,low,low,low,no,high,-13.88251797
2761,on,2050,netzero,ref,low,high,low,no,high,-14.73157283
2763,on,2050,netzero,low,low,high,low,no,high,-14.11448874
2765,on,2050,netzero,high,ref,high,ref,no,high,-15.17179027
2767,on,2050,netzero,high,low,high,low,no,high,-15.9737916
2769,on,2050,netzero,ref,low,ref,low,yes,high,6.420752869
2771,on,2050,netzero,low,low,ref,low,yes,high,0.189002291
2773,on,2050,netzero,high,low,ref,low,yes,high,11.50273887
2775,on,2050,netzero,ref,low,low,low,yes,high,4.209561164
2777,on,2050,netzero,low,low,low,low,yes,high,0.590371803
2779,on,2050,netzero,high,low,low,low,yes,high,12.23288633
2781,on,2050,netzero,ref,low,high,low,yes,high,5.982009186
2783,on,2050,netzero,low,low,high,low,yes,high,0.127815703
2785,on,2050,netzero,high,low,high,low,yes,high,10.94242693
2787,on,2050,netzero,ref,ref,ref,ref,yes,high,3.113511369
2789,on,2050,netzero,ref,high,ref,low,no,high,-15.93887737
2791,on,2050,netzero,low,high,ref,low,no,high,-15.93431939
2793,on,2050,netzero,high,high,ref,low,no,high,-16.81028177
2795,on,2050,netzero,ref,high,low,low,no,high,-14.88160794
2797,on,2050,netzero,low,high,low,low,no,high,-15.20199028
2799,on,2050,netzero,high,high,low,low,no,high,-15.93661486
2801,on,2050,netzero,ref,high,high,low,no,high,-16.36869637
2803,on,2050,netzero,low,high,high,low,no,high,-16.17348011
2805,on,2050,netzero,high,high,high,low,no,high,-17.9075972
2807,on,2050,netzero,ref,high,ref,low,yes,high,2.872913774
4321,on,2050,netzero,ref,ref,ref,ref,no,low,-15.56963096
4323,on,2050,netzero,low,ref,ref,ref,no,low,-16.17807923
4325,on,2050,netzero,low,ref,ref,ref,yes,low,-0.384539728
4327,on,2050,netzero,low,high,ref,low,yes,low,-0.268904895
4329,on,2050,netzero,high,high,ref,low,yes,low,7.184352932
4331,on,2050,netzero,ref,high,low,low,yes,low,3.310993984
4333,on,2050,netzero,low,high,low,low,yes,low,-0.003429006
4335,on,2050,netzero,high,high,low,low,yes,low,7.429854451
4337,on,2050,netzero,ref,high,high,low,yes,low,2.827722678
4339,on,2050,netzero,low,high,high,low,yes,low,-0.335807575
4341,on,2050,netzero,high,high,high,low,yes,low,7.019322249
4343,on,2050,netzero,high,ref,ref,ref,yes,low,7.032949181
4345,on,2050,netzero,ref,ref,low,ref,yes,low,3.862997465
4347,on,2050,netzero,low,ref,low,ref,yes,low,0.06065396
4349,on,2050,netzero,high,ref,low,ref,yes,low,7.696733406
4351,on,2050,netzero,ref,ref,high,ref,yes,low,2.857889076
4353,on,2050,netzero,low,ref,high,ref,yes,low,-0.505187116
4355,on,2050,netzero,high,ref,high,ref,yes,low,7.387635983
4357,on,2050,netzero,ref,low,ref,ref,no,low,-10.86933114
4359,on,2050,netzero,low,low,ref,ref,no,low,-9.812301652
4361,on,2050,netzero,high,ref,ref,ref,no,low,-14.74869966
4363,on,2050,netzero,high,low,ref,ref,no,low,-16.88385267
4365,on,2050,netzero,ref,low,low,ref,no,low,-9.64117893
4367,on,2050,netzero,low,low,low,ref,no,low,-9.286777743
4369,on,2050,netzero,high,low,low,ref,no,low,-13.03777873
4371,on,2050,netzero,ref,low,high,ref,no,low,-12.86552608
4373,on,2050,netzero,low,low,high,ref,no,low,-10.15841691
4375,on,2050,netzero,high,low,high,ref,no,low,-18.39755495
4377,on,2050,netzero,ref,low,ref,ref,yes,low,8.445306953
4379,on,2050,netzero,low,low,ref,ref,yes,low,0.025013283
4381,on,2050,netzero,high,low,ref,ref,yes,low,13.97542554
4383,on,2050,netzero,ref,ref,low,ref,no,low,-12.52334232
4385,on,2050,netzero,ref,low,low,ref,yes,low,7.489461371
4387,on,2050,netzero,low,low,low,ref,yes,low,2.0654105
4389,on,2050,netzero,high,low,low,ref,yes,low,15.65457513
4391,on,2050,netzero,ref,low,high,ref,yes,low,7.056460529
4393,on,2050,netzero,low,low,high,ref,yes,low,2.194290384
4395,on,2050,netzero,high,low,high,ref,yes,low,14.89640901
4397,on,2050,netzero,ref,high,ref,ref,no,low,-15.23652555
4399,on,2050,netzero,low,high,ref,ref,no,low,-17.55330372
4401,on,2050,netzero,high,high,ref,ref,no,low,-15.84369322
4403,on,2050,netzero,ref,high,low,ref,no,low,-13.68247179
4405,on,2050,netzero,low,ref,low,ref,no,low,-13.93892251
4407,on,2050,netzero,low,high,low,ref,no,low,-16.50888887
4409,on,2050,netzero,high,high,low,ref,no,low,-14.54257331
4411,on,2050,netzero,ref,high,high,ref,no,low,-16.27706909
4413,on,2050,netzero,low,high,high,ref,no,low,-17.67049569
4415,on,2050,netzero,high,high,high,ref,no,low,-17.28807158
4417,on,2050,netzero,ref,high,ref,ref,yes,low,3.094399015
4419,on,2050,netzero,low,high,ref,ref,yes,low,-0.748348858
4421,on,2050,netzero,high,high,ref,ref,yes,low,8.016090262
4423,on,2050,netzero,ref,high,low,ref,yes,low,3.602705552
4425,on,2050,netzero,low,high,low,ref,yes,low,-0.231477092
4427,on,2050,netzero,high,ref,low,ref,no,low,-13.45126991
4429,on,2050,netzero,high,high,low,ref,yes,low,8.14585857
4431,on,2050,netzero,ref,high,high,ref,yes,low,2.855917345
4433,on,2050,netzero,low,high,high,ref,yes,low,-0.813104353
4435,on,2050,netzero,high,high,high,ref,yes,low,7.666274037
4437,on,2050,netzero,ref,ref,ref,low,no,low,-17.00315846
4439,on,2050,netzero,low,ref,ref,low,no,low,-17.32075666
4441,on,2050,netzero,high,ref,ref,low,no,low,-17.53374636
4443,on,2050,netzero,ref,ref,low,low,no,low,-15.58975046
4445,on,2050,netzero,low,ref,low,low,no,low,-16.43450389
4447,on,2050,netzero,high,ref,low,low,no,low,-16.72893817
4449,on,2050,netzero,ref,ref,high,ref,no,low,-16.57201409
4451,on,2050,netzero,ref,ref,high,low,no,low,-18.28883117
4453,on,2050,netzero,low,ref,high,low,no,low,-17.8270633
4455,on,2050,netzero,high,ref,high,low,no,low,-18.59228981
4457,on,2050,netzero,ref,ref,ref,low,yes,low,2.894931671
4459,on,2050,netzero,low,ref,ref,low,yes,low,-0.42383633
4461,on,2050,netzero,high,ref,ref,low,yes,low,6.95424111
4463,on,2050,netzero,ref,ref,low,low,yes,low,3.369694478
4465,on,2050,netzero,low,ref,low,low,yes,low,-0.05710597
4467,on,2050,netzero,high,ref,low,low,yes,low,7.308356732
4469,on,2050,netzero,ref,ref,high,low,yes,low,2.939466119
4471,on,2050,netzero,low,ref,high,ref,no,low,-16.37078082
4473,on,2050,netzero,low,ref,high,low,yes,low,-0.498483968
4475,on,2050,netzero,high,ref,high,low,yes,low,6.836531534
4477,on,2050,netzero,ref,low,ref,low,no,low,-15.19461418
4479,on,2050,netzero,low,low,ref,low,no,low,-15.8123876
4481,on,2050,netzero,high,low,ref,low,no,low,-16.62218276
4483,on,2050,netzero,ref,low,low,low,no,low,-14.20447265
4485,on,2050,netzero,low,low,low,low,no,low,-14.73902965
4487,on,2050,netzero,high,low,low,low,no,low,-16.47904473
4489,on,2050,netzero,ref,low,high,low,no,low,-16.85297929
4491,on,2050,netzero,low,low,high,low,no,low,-16.06813018
4493,on,2050,netzero,high,ref,high,ref,no,low,-16.22786807
4495,on,2050,netzero,high,low,high,low,no,low,-17.43232516
4497,on,2050,netzero,ref,low,ref,low,yes,low,4.883613133
4499,on,2050,netzero,low,low,ref,low,yes,low,0.204763148
4501,on,2050,netzero,high,low,ref,low,yes,low,12.04538344
4503,on,2050,netzero,ref,low,low,low,yes,low,5.889060142
4505,on,2050,netzero,low,low,low,low,yes,low,0.666821765
4507,on,2050,netzero,high,low,low,low,yes,low,12.36879309
4509,on,2050,netzero,ref,low,high,low,yes,low,6.633436834
4511,on,2050,netzero,low,low,high,low,yes,low,0.128118063
4513,on,2050,netzero,high,low,high,low,yes,low,11.85360931
4515,on,2050,netzero,ref,ref,ref,ref,yes,low,3.069183153
4517,on,2050,netzero,ref,high,ref,low,no,low,-17.74853599
4519,on,2050,netzero,low,high,ref,low,no,low,-17.82264465
4521,on,2050,netzero,high,high,ref,low,no,low,-18.14988603
4523,on,2050,netzero,ref,high,low,low,no,low,-16.28056319
4525,on,2050,netzero,low,high,low,low,no,low,-16.96915716
4527,on,2050,netzero,high,high,low,low,no,low,-17.58024961
4529,on,2050,netzero,ref,high,high,low,no,low,-18.29047377
4531,on,2050,netzero,low,high,high,low,no,low,-18.19857638
4533,on,2050,netzero,high,high,high,low,no,low,-19.17510942
4535,on,2050,netzero,ref,high,ref,low,yes,low,3.049344779
